1.000000e+02, -4.720582e-01, -8.671081e+00, -3.122973e+00, 1.743094e+02, 2.650915e+00, 1.770195e+02
9.955041e+01, -4.619152e-01, -8.431679e+00, -3.917392e+00, 1.758059e+02, 3.455477e+00, 1.757624e+02
9.910284e+01, -4.500840e-01, -8.649224e+00, -3.285079e+00, 1.759504e+02, 2.834994e+00, 1.754004e+02
9.865728e+01, -4.828967e-01, -8.187766e+00, -2.782618e+00, 1.712929e+02, 2.299722e+00, -1.794807e+02
9.821373e+01, -4.410866e-01, -8.398169e+00, -3.644770e+00, 1.767718e+02, 3.203683e+00, 1.748301e+02
9.777217e+01, -4.368534e-01, -7.952660e+00, -3.437836e+00, 1.744166e+02, 3.000983e+00, 1.776307e+02
9.733260e+01, -4.397169e-01, -8.239045e+00, -3.905281e+00, 1.777357e+02, 3.465564e+00, 1.740252e+02
9.689500e+01, -4.924470e-01, -8.245828e+00, -3.075406e+00, 1.729373e+02, 2.582959e+00, 1.788169e+02
9.645937e+01, -4.632624e-01, -8.451113e+00, -3.171310e+00, 1.734128e+02, 2.708047e+00, 1.781361e+02
9.602570e+01, -4.000998e-01, -8.189871e+00, -4.385745e+00, -1.770044e+02, 3.985645e+00, 1.688145e+02
9.559397e+01, -4.636811e-01, -8.076797e+00, -2.616726e+00, 1.714650e+02, 2.153045e+00, -1.795418e+02
9.516419e+01, -4.831289e-01, -8.637104e+00, -3.112656e+00, 1.747877e+02, 2.629528e+00, 1.765752e+02
9.473634e+01, -4.531212e-01, -8.342400e+00, -3.603275e+00, 1.770473e+02, 3.150154e+00, 1.746103e+02
9.431042e+01, -5.062650e-01, -8.059946e+00, -3.411892e+00, 1.733920e+02, 2.905628e+00, 1.785481e+02
9.388641e+01, -4.586861e-01, -8.397878e+00, -3.405661e+00, 1.760765e+02, 2.946975e+00, 1.755256e+02
9.346431e+01, -4.465355e-01, -7.934888e+00, -2.425456e+00, 1.726978e+02, 1.978920e+00, 1.793674e+02
9.304410e+01, -4.199998e-01, -7.831024e+00, -3.604579e+00, 1.758757e+02, 3.184579e+00, 1.762933e+02
9.262578e+01, -5.072878e-01, -7.987316e+00, -2.861201e+00, 1.714909e+02, 2.353913e+00, -1.794783e+02
9.220935e+01, -4.792753e-01, -7.987113e+00, -2.633819e+00, 1.718101e+02, 2.154544e+00, -1.797973e+02
9.179478e+01, -4.318634e-01, -7.794124e+00, -3.243679e+00, 1.756447e+02, 2.811815e+00, 1.765612e+02
9.138208e+01, -5.015659e-01, -7.926452e+00, -2.667087e+00, 1.716528e+02, 2.165521e+00, -1.795792e+02
9.097124e+01, -4.445660e-01, -7.794667e+00, -3.401076e+00, 1.761612e+02, 2.956510e+00, 1.760441e+02
9.056224e+01, -4.591310e-01, -8.049151e+00, -2.573963e+00, 1.729584e+02, 2.114832e+00, 1.789924e+02
9.015508e+01, -4.947876e-01, -7.945287e+00, -2.974841e+00, 1.727928e+02, 2.480053e+00, 1.792619e+02
8.974975e+01, -4.524014e-01, -7.734938e+00, -3.158501e+00, 1.743618e+02, 2.706099e+00, 1.779032e+02
8.934625e+01, -4.146296e-01, -7.898255e+00, -2.920046e+00, 1.753993e+02, 2.505416e+00, 1.767025e+02
8.894456e+01, -4.910296e-01, -7.254971e+00, -3.800594e+00, 1.733087e+02, 3.309565e+00, 1.794364e+02
8.854467e+01, -4.149115e-01, -7.552173e+00, -2.712081e+00, 1.744087e+02, 2.297169e+00, 1.780391e+02
8.814658e+01, -4.375163e-01, -7.899421e+00, -3.442332e+00, 1.769922e+02, 3.004815e+00, 1.751084e+02
8.775028e+01, -5.059311e-01, -7.386655e+00, -3.205083e+00, 1.716771e+02, 2.699152e+00, -1.790637e+02
8.735577e+01, -3.968273e-01, -7.657947e+00, -3.246993e+00, 1.783659e+02, 2.850166e+00, 1.739761e+02
8.696302e+01, -5.150804e-01, -7.389128e+00, -2.628713e+00, 1.703826e+02, 2.113633e+00, -1.777718e+02
8.657205e+01, -4.545318e-01, -7.715985e+00, -3.518332e+00, 1.769472e+02, 3.063800e+00, 1.753368e+02
8.618283e+01, -4.245365e-01, -7.372158e+00, -3.550430e+00, 1.763364e+02, 3.125893e+00, 1.762914e+02
8.579536e+01, -4.894691e-01, -7.474642e+00, -1.797624e+00, 1.697329e+02, 1.308155e+00, -1.772076e+02
8.540963e+01, -4.548208e-01, -7.222987e+00, -4.437502e+00, 1.785525e+02, 3.982682e+00, 1.742246e+02
8.502564e+01, -4.277548e-01, -7.372635e+00, -2.575440e+00, 1.739685e+02, 2.147685e+00, 1.786589e+02
8.464337e+01, -4.293458e-01, -7.134844e+00, -2.897301e+00, 1.734929e+02, 2.467955e+00, 1.793722e+02
8.426282e+01, -5.287282e-01, -7.034837e+00, -3.031173e+00, 1.691611e+02, 2.502445e+00, -1.761959e+02
8.388399e+01, -3.836838e-01, -7.595959e+00, -3.699976e+00, -1.770010e+02, 3.316292e+00, 1.694050e+02
8.350685e+01, -4.875221e-01, -7.167232e+00, -2.352623e+00, 1.692219e+02, 1.865101e+00, -1.763891e+02
8.313141e+01, -4.405914e-01, -6.799738e+00, -3.106675e+00, 1.735549e+02, 2.666083e+00, 1.796453e+02
8.275766e+01, -4.553040e-01, -7.226968e+00, -4.222657e+00, -1.796998e+02, 3.767353e+00, 1.724728e+02
8.238559e+01, -4.416639e-01, -7.309054e+00, -1.845141e+00, 1.708439e+02, 1.403477e+00, -1.781530e+02
8.201519e+01, -5.167224e-01, -6.564355e+00, -3.431548e+00, 1.719522e+02, 2.914826e+00, -1.785166e+02
8.164646e+01, -3.939640e-01, -6.847616e+00, -3.310488e+00, 1.778942e+02, 2.916524e+00, 1.752582e+02
8.127939e+01, -4.172568e-01, -7.296812e+00, -2.274193e+00, 1.745491e+02, 1.856937e+00, 1.781541e+02
8.091396e+01, -4.645895e-01, -6.514449e+00, -2.781226e+00, 1.693190e+02, 2.316637e+00, -1.758334e+02
8.055018e+01, -3.998637e-01, -6.553965e+00, -3.790510e+00, 1.783793e+02, 3.390646e+00, 1.750667e+02
8.018804e+01, -3.650762e-01, -7.057874e+00, -2.718865e+00, 1.776491e+02, 2.353789e+00, 1.752931e+02
7.982752e+01, -4.752154e-01, -6.673957e+00, -2.425317e+00, 1.697959e+02, 1.950102e+00, -1.764698e+02
7.946862e+01, -4.552750e-01, -6.614677e+00, -3.150589e+00, 1.717070e+02, 2.695314e+00, -1.783217e+02
7.911134e+01, -4.112004e-01, -7.177514e+00, -3.575507e+00, -1.773060e+02, 3.164307e+00, 1.701285e+02
7.875566e+01, -4.191628e-01, -6.775468e+00, -2.076566e+00, 1.712572e+02, 1.657403e+00, -1.780327e+02
7.840159e+01, -4.532750e-01, -6.317708e+00, -2.848314e+00, 1.718027e+02, 2.395039e+00, -1.781204e+02
7.804910e+01, -4.329967e-01, -6.604914e+00, -3.559434e+00, 1.762170e+02, 3.126437e+00, 1.771781e+02
7.769820e+01, -3.292411e-01, -6.559941e+00, -3.336165e+00, -1.792293e+02, 3.006924e+00, 1.726693e+02
7.734888e+01, -4.844498e-01, -6.422889e+00, -2.034621e+00, 1.687177e+02, 1.550172e+00, -1.751406e+02
7.700112e+01, -4.570827e-01, -6.208555e+00, -3.517950e+00, 1.723233e+02, 3.060867e+00, -1.785319e+02
7.665493e+01, -4.394782e-01, -6.738651e+00, -3.625852e+00, 1.785781e+02, 3.186374e+00, 1.746832e+02
7.631030e+01, -4.057529e-01, -6.407061e+00, -2.805681e+00, 1.752665e+02, 2.399928e+00, 1.783264e+02
7.596722e+01, -4.362097e-01, -6.573753e+00, -2.529369e+00, 1.735570e+02, 2.093160e+00, 1.798693e+02
7.562568e+01, -4.644619e-01, -6.176473e+00, -3.461359e+00, 1.730258e+02, 2.996897e+00, -1.792023e+02
7.528567e+01, -4.118740e-01, -6.370664e+00, -3.666062e+00, 1.783601e+02, 3.254188e+00, 1.752692e+02
7.494719e+01, -4.434101e-01, -6.251266e+00, -3.245554e+00, 1.759675e+02, 2.802144e+00, 1.777812e+02
7.461024e+01, -4.418135e-01, -6.385094e+00, -2.733032e+00, 1.725534e+02, 2.291219e+00, -1.789384e+02
7.427480e+01, -4.405026e-01, -5.983482e+00, -3.030892e+00, 1.722361e+02, 2.590390e+00, -1.782196e+02
7.394087e+01, -3.999777e-01, -6.255335e+00, -3.924221e+00, -1.795700e+02, 3.524243e+00, 1.733147e+02
7.360844e+01, -4.688455e-01, -6.039328e+00, -3.513774e+00, 1.744476e+02, 3.044928e+00, 1.795131e+02
7.327750e+01, -3.552528e-01, -6.366062e+00, -3.106877e+00, 1.795162e+02, 2.751624e+00, 1.741178e+02
7.294805e+01, -4.392235e-01, -6.319263e+00, -2.855369e+00, 1.733081e+02, 2.416146e+00, -1.796273e+02
7.262008e+01, -4.506139e-01, -6.051920e+00, -3.743577e+00, 1.752284e+02, 3.292963e+00, 1.787196e+02
7.229359e+01, -4.412294e-01, -5.975893e+00, -3.245829e+00, 1.746783e+02, 2.804599e+00, 1.793458e+02
7.196857e+01, -4.075680e-01, -6.355662e+00, -3.696861e+00, 1.793490e+02, 3.289293e+00, 1.742954e+02
7.164500e+01, -4.184345e-01, -6.162605e+00, -2.608016e+00, 1.750373e+02, 2.189582e+00, 1.788001e+02
7.132289e+01, -4.244789e-01, -6.124040e+00, -3.761865e+00, 1.796831e+02, 3.337386e+00, 1.741929e+02
7.100223e+01, -4.421133e-01, -6.223467e+00, -2.268834e+00, 1.714765e+02, 1.826720e+00, -1.777000e+02
7.068302e+01, -4.371620e-01, -5.864356e+00, -4.152213e+00, 1.781445e+02, 3.715051e+00, 1.759912e+02
7.036523e+01, -4.443093e-01, -5.979810e+00, -3.706071e+00, 1.778149e+02, 3.261761e+00, 1.762053e+02
7.004888e+01, -3.980161e-01, -5.999889e+00, -3.890930e+00, -1.796046e+02, 3.492914e+00, 1.736047e+02
6.973394e+01, -3.783574e-01, -6.055309e+00, -3.115906e+00, 1.778359e+02, 2.737548e+00, 1.761088e+02
6.942043e+01, -4.691486e-01, -5.862790e+00, -2.432920e+00, 1.718517e+02, 1.963771e+00, -1.777145e+02
6.910832e+01, -4.931916e-01, -5.554776e+00, -3.346081e+00, 1.718974e+02, 2.852889e+00, -1.774522e+02
6.879762e+01, -4.416397e-01, -5.620946e+00, -4.411377e+00, 1.781225e+02, 3.969738e+00, 1.762565e+02
6.848831e+01, -3.676809e-01, -5.871453e+00, -4.138617e+00, -1.755075e+02, 3.770936e+00, 1.696360e+02
6.818039e+01, -3.926789e-01, -6.130121e+00, -3.191409e+00, -1.793050e+02, 2.798730e+00, 1.731748e+02
6.787386e+01, -4.243832e-01, -5.830196e+00, -2.261565e+00, 1.733147e+02, 1.837181e+00, -1.791449e+02
6.756871e+01, -4.558956e-01, -5.687985e+00, -3.244453e+00, 1.735300e+02, 2.788557e+00, -1.792180e+02
6.726492e+01, -4.785034e-01, -5.337345e+00, -3.416106e+00, 1.721848e+02, 2.937603e+00, -1.775222e+02
6.696251e+01, -4.547832e-01, -5.275524e+00, -4.123304e+00, 1.766882e+02, 3.668520e+00, 1.780363e+02
6.666145e+01, -3.664225e-01, -5.400280e+00, -5.618464e+00, -1.692467e+02, 5.252041e+00, 1.638464e+02
6.636175e+01, -3.724273e-01, -5.845855e+00, -2.791171e+00, 1.783784e+02, 2.418744e+00, 1.757758e+02
6.606339e+01, -3.645536e-01, -5.879811e+00, -3.923414e+00, -1.737195e+02, 3.558861e+00, 1.678397e+02
6.576638e+01, -4.699891e-01, -5.965399e+00, -2.318892e+00, 1.743899e+02, 1.848903e+00, 1.796447e+02
6.547070e+01, -4.652111e-01, -5.349594e+00, -2.990515e+00, 1.710681e+02, 2.525304e+00, -1.764177e+02
6.517635e+01, -4.508239e-01, -5.395728e+00, -3.679617e+00, 1.767610e+02, 3.228793e+00, 1.778433e+02
6.488332e+01, -4.796730e-01, -4.967149e+00, -4.005205e+00, 1.737160e+02, 3.525532e+00, -1.786831e+02
6.459161e+01, -4.186076e-01, -5.243164e+00, -5.160587e+00, -1.761156e+02, 4.741980e+00, 1.708724e+02
6.430122e+01, -3.697701e-01, -5.619548e+00, -4.209311e+00, -1.743231e+02, 3.839541e+00, 1.687035e+02
6.401212e+01, -3.828442e-01, -5.349431e+00, -5.185056e+00, -1.718438e+02, 4.802212e+00, 1.664944e+02
6.372433e+01, -3.654027e-01, -5.797931e+00, -3.603898e+00, -1.738616e+02, 3.238495e+00, 1.680637e+02
6.343783e+01, -4.240414e-01, -5.513171e+00, -3.237749e+00, 1.775258e+02, 2.813707e+00, 1.769611e+02
6.315262e+01, -4.221103e-01, -5.494533e+00, -3.768377e+00, -1.790147e+02, 3.346267e+00, 1.735202e+02
6.286869e+01, -4.753356e-01, -5.475637e+00, -2.263789e+00, 1.728356e+02, 1.788454e+00, -1.783113e+02
6.258604e+01, -4.433916e-01, -4.999231e+00, -4.107093e+00, 1.760662e+02, 3.663702e+00, 1.789345e+02
6.230466e+01, -4.585911e-01, -5.239501e+00, -3.693166e+00, 1.770467e+02, 3.234575e+00, 1.777138e+02
6.202455e+01, -4.807677e-01, -5.027736e+00, -3.364404e+00, 1.726437e+02, 2.883636e+00, -1.776714e+02
6.174569e+01, -4.428259e-01, -4.833516e+00, -4.888761e+00, 1.783021e+02, 4.445936e+00, 1.768644e+02
6.146809e+01, -4.263232e-01, -5.091636e+00, -4.324615e+00, -1.795828e+02, 3.898292e+00, 1.744912e+02
6.119173e+01, -4.255578e-01, -4.800307e+00, -3.871945e+00, 1.768946e+02, 3.446387e+00, 1.783051e+02
6.091662e+01, -4.099566e-01, -5.236114e+00, -5.096879e+00, -1.732722e+02, 4.686923e+00, 1.680361e+02
6.064275e+01, -3.991013e-01, -5.436831e+00, -2.832813e+00, 1.792969e+02, 2.433712e+00, 1.752663e+02
6.037010e+01, -4.147368e-01, -5.242860e+00, -3.729112e+00, 1.792416e+02, 3.314376e+00, 1.755156e+02
6.009869e+01, -3.792546e-01, -5.448864e+00, -3.273944e+00, -1.772827e+02, 2.894689e+00, 1.718338e+02
5.982849e+01, -4.185326e-01, -5.371462e+00, -2.021707e+00, 1.749885e+02, 1.603175e+00, 1.796400e+02
5.955951e+01, -4.001815e-01, -5.173314e+00, -3.124386e+00, 1.791521e+02, 2.724205e+00, 1.756746e+02
5.929173e+01, -4.136236e-01, -5.393515e+00, -2.189596e+00, 1.759905e+02, 1.775972e+00, 1.786160e+02
5.902516e+01, -4.126554e-01, -5.349269e+00, -2.385412e+00, 1.768743e+02, 1.972756e+00, 1.777764e+02
5.875979e+01, -4.469656e-01, -5.208275e+00, -1.583991e+00, 1.708311e+02, 1.137026e+00, -1.760394e+02
5.849561e+01, -4.274807e-01, -5.090782e+00, -2.428522e+00, 1.738509e+02, 2.001041e+00, -1.789417e+02
5.823262e+01, -4.429560e-01, -4.909399e+00, -2.127242e+00, 1.716899e+02, 1.684286e+00, -1.765993e+02
5.797081e+01, -4.825732e-01, -4.990016e+00, -1.624634e+00, 1.683677e+02, 1.142061e+00, -1.733577e+02
5.771018e+01, -4.669098e-01, -4.870902e+00, -2.461764e+00, 1.711170e+02, 1.994854e+00, -1.759879e+02
5.745072e+01, -4.672096e-01, -4.740929e+00, -2.390235e+00, 1.695996e+02, 1.923025e+00, -1.743405e+02
5.719243e+01, -5.214909e-01, -4.971034e+00, -1.498722e+00, 1.665106e+02, 9.772314e-01, -1.714817e+02
5.693530e+01, -4.536021e-01, -4.820072e+00, -2.594841e+00, 1.722578e+02, 2.141239e+00, -1.770779e+02
5.667932e+01, -4.143187e-01, -4.788629e+00, -2.564132e+00, 1.732137e+02, 2.149814e+00, -1.780023e+02
5.642450e+01, -4.895875e-01, -4.489416e+00, -1.432735e+00, 1.665006e+02, 9.431474e-01, -1.709901e+02
5.617082e+01, -4.524248e-01, -4.543581e+00, -3.419067e+00, 1.732064e+02, 2.966642e+00, -1.777500e+02
5.591828e+01, -4.402942e-01, -4.629638e+00, -2.127785e+00, 1.709858e+02, 1.687491e+00, -1.756155e+02
5.566688e+01, -4.749819e-01, -4.633747e+00, -1.797706e+00, 1.697646e+02, 1.322724e+00, -1.743984e+02
5.541661e+01, -4.775281e-01, -4.674377e+00, -2.173696e+00, 1.703346e+02, 1.696168e+00, -1.750089e+02
5.516746e+01, -4.074333e-01, -5.014555e+00, -2.497991e+00, 1.768671e+02, 2.090557e+00, 1.781183e+02
5.491943e+01, -4.355084e-01, -4.619549e+00, -1.695597e+00, 1.708490e+02, 1.260089e+00, -1.754686e+02
5.467252e+01, -4.577177e-01, -4.625257e+00, -1.993997e+00, 1.700991e+02, 1.536280e+00, -1.747244e+02
5.442672e+01, -4.064524e-01, -4.769431e+00, -2.675924e+00, 1.769433e+02, 2.269471e+00, 1.782873e+02
5.418202e+01, -3.853376e-01, -5.024225e+00, -2.203915e+00, 1.783983e+02, 1.818577e+00, 1.765775e+02
5.393842e+01, -4.217985e-01, -4.554262e+00, -1.836416e+00, 1.715436e+02, 1.414618e+00, -1.760979e+02
5.369592e+01, -3.766998e-01, -4.572771e+00, -4.097742e+00, -1.751922e+02, 3.721042e+00, 1.706195e+02
5.345451e+01, -4.007571e-01, -4.660081e+00, -2.548131e+00, 1.772489e+02, 2.147374e+00, 1.780910e+02
5.321418e+01, -4.129369e-01, -4.260336e+00, -3.869757e+00, 1.785577e+02, 3.456820e+00, 1.771819e+02
5.297494e+01, -4.532254e-01, -4.223818e+00, -2.922007e+00, 1.704479e+02, 2.468781e+00, -1.746717e+02
5.273677e+01, -3.908484e-01, -4.227476e+00, -3.487634e+00, 1.777265e+02, 3.096786e+00, 1.780460e+02
5.249967e+01, -4.242284e-01, -4.162014e+00, -1.666673e+00, 1.689580e+02, 1.242444e+00, -1.731200e+02
5.226364e+01, -4.494470e-01, -4.552612e+00, -3.095627e+00, 1.746186e+02, 2.646180e+00, -1.791713e+02
5.202866e+01, -4.255595e-01, -4.280948e+00, -3.003122e+00, 1.763777e+02, 2.577563e+00, 1.793414e+02
5.179475e+01, -3.883483e-01, -4.262518e+00, -3.980501e+00, -1.780648e+02, 3.592153e+00, 1.738023e+02
5.156188e+01, -4.093161e-01, -4.409463e+00, -2.947885e+00, 1.772166e+02, 2.538569e+00, 1.783740e+02
5.133007e+01, -4.084363e-01, -3.982742e+00, -3.777745e+00, 1.754594e+02, 3.369309e+00, -1.794422e+02
5.109929e+01, -4.392116e-01, -3.803067e+00, -4.123169e+00, 1.722176e+02, 3.683958e+00, -1.760207e+02
5.086955e+01, -4.336256e-01, -4.103273e+00, -3.560931e+00, 1.756004e+02, 3.127306e+00, -1.797037e+02
5.064085e+01, -4.227912e-01, -3.980278e+00, -3.032765e+00, 1.719103e+02, 2.609973e+00, -1.758906e+02
5.041317e+01, -4.692038e-01, -4.296384e+00, -1.933281e+00, 1.696740e+02, 1.464078e+00, -1.739703e+02
5.018652e+01, -3.831226e-01, -4.293090e+00, -2.819968e+00, 1.790493e+02, 2.436846e+00, 1.766576e+02
4.996089e+01, -4.018870e-01, -4.317165e+00, -2.220439e+00, 1.738641e+02, 1.818552e+00, -1.781812e+02
4.973627e+01, -3.214434e-01, -3.657274e+00, -5.177797e+00, -1.743533e+02, 4.856354e+00, 1.706960e+02
4.951266e+01, -3.365826e-01, -3.834236e+00, -5.781801e+00, -1.700568e+02, 5.445219e+00, 1.662226e+02
4.929006e+01, -4.272752e-01, -3.738286e+00, -3.892734e+00, 1.745428e+02, 3.465459e+00, -1.782810e+02
4.906845e+01, -4.728611e-01, -3.804936e+00, -2.291604e+00, 1.667311e+02, 1.818743e+00, -1.705360e+02
4.884785e+01, -4.083649e-01, -4.001975e+00, -3.265731e+00, 1.745902e+02, 2.857366e+00, -1.785922e+02
4.862823e+01, -3.491556e-01, -4.110095e+00, -4.361337e+00, -1.757388e+02, 4.012181e+00, 1.716287e+02
4.840960e+01, -3.622148e-01, -3.832401e+00, -4.473921e+00, -1.778342e+02, 4.111706e+00, 1.740018e+02
4.819196e+01, -4.053263e-01, -3.613339e+00, -5.381183e+00, 1.784682e+02, 4.975857e+00, 1.779184e+02
4.797529e+01, -4.270311e-01, -3.858421e+00, -3.875376e+00, 1.746879e+02, 3.448345e+00, -1.785464e+02
4.775960e+01, -4.635646e-01, -3.804032e+00, -2.901501e+00, 1.693423e+02, 2.437937e+00, -1.731463e+02
4.754488e+01, -3.703005e-01, -3.969003e+00, -4.659591e+00, -1.751026e+02, 4.289291e+00, 1.711336e+02
4.733112e+01, -3.311799e-01, -3.784340e+00, -4.360841e+00, -1.754770e+02, 4.029661e+00, 1.716926e+02
4.711832e+01, -4.267913e-01, -3.661871e+00, -4.473448e+00, 1.782418e+02, 4.046657e+00, 1.780964e+02
4.690648e+01, -4.280710e-01, -3.804619e+00, -2.919230e+00, 1.714673e+02, 2.491159e+00, -1.752719e+02
4.669560e+01, -4.548989e-01, -3.934356e+00, -2.754449e+00, 1.721795e+02, 2.299550e+00, -1.761139e+02
4.648566e+01, -4.051934e-01, -3.376932e+00, -4.464278e+00, 1.775240e+02, 4.059084e+00, 1.790990e+02
4.627666e+01, -3.656301e-01, -3.467405e+00, -5.484327e+00, -1.752920e+02, 5.118697e+00, 1.718246e+02
4.606861e+01, -4.083518e-01, -3.699533e+00, -4.096917e+00, 1.791969e+02, 3.688565e+00, 1.771036e+02
4.586149e+01, -4.021438e-01, -3.892314e+00, -3.142768e+00, 1.773727e+02, 2.740624e+00, 1.787350e+02
4.565530e+01, -3.680965e-01, -3.778775e+00, -3.323731e+00, -1.799900e+02, 2.955635e+00, 1.762112e+02
4.545004e+01, -4.280614e-01, -3.484603e+00, -3.753568e+00, 1.736794e+02, 3.325507e+00, -1.771640e+02
4.524570e+01, -4.625362e-01, -3.400204e+00, -4.160106e+00, 1.708981e+02, 3.697569e+00, -1.742983e+02
4.504228e+01, -3.882579e-01, -3.662997e+00, -3.238428e+00, 1.769866e+02, 2.850170e+00, 1.793504e+02
4.483977e+01, -3.698405e-01, -3.688992e+00, -4.593010e+00, -1.746523e+02, 4.223169e+00, 1.709633e+02
4.463818e+01, -4.078096e-01, -3.553713e+00, -4.379634e+00, 1.785297e+02, 3.971824e+00, 1.779166e+02
4.443749e+01, -4.632489e-01, -3.305760e+00, -2.518649e+00, 1.677559e+02, 2.055400e+00, -1.710617e+02
4.423770e+01, -3.758754e-01, -3.791118e+00, -3.172992e+00, 1.777744e+02, 2.797117e+00, 1.784344e+02
4.403882e+01, -3.693342e-01, -3.503877e+00, -3.800822e+00, -1.799025e+02, 3.431488e+00, 1.763987e+02
4.384082e+01, -4.366605e-01, -3.216366e+00, -4.337648e+00, 1.745361e+02, 3.900988e+00, -1.777525e+02
4.364372e+01, -4.123367e-01, -3.388510e+00, -4.294202e+00, -1.799533e+02, 3.881865e+00, 1.765648e+02
4.344750e+01, -3.880233e-01, -3.434549e+00, -3.721289e+00, -1.792224e+02, 3.333266e+00, 1.757878e+02
4.325216e+01, -4.083263e-01, -3.324897e+00, -3.460364e+00, 1.756799e+02, 3.052037e+00, -1.790048e+02
4.305771e+01, -4.278458e-01, -3.556027e+00, -3.518997e+00, 1.747204e+02, 3.091151e+00, -1.782764e+02
4.286412e+01, -4.247883e-01, -3.347056e+00, -3.725321e+00, 1.743315e+02, 3.300533e+00, -1.776785e+02
4.267141e+01, -4.008319e-01, -3.332550e+00, -3.743338e+00, 1.778876e+02, 3.342506e+00, 1.787798e+02
4.247956e+01, -3.984707e-01, -3.486370e+00, -3.765162e+00, 1.785403e+02, 3.366692e+00, 1.779733e+02
4.228858e+01, -4.391864e-01, -3.253645e+00, -3.183063e+00, 1.728484e+02, 2.743876e+00, -1.761020e+02
4.209846e+01, -3.979790e-01, -3.398949e+00, -4.062055e+00, 1.794481e+02, 3.664076e+00, 1.771530e+02
4.190918e+01, -3.842193e-01, -3.175163e+00, -5.173929e+00, -1.755521e+02, 4.789709e+00, 1.723770e+02
4.172077e+01, -3.995532e-01, -3.458322e+00, -3.296656e+00, 1.781817e+02, 2.897103e+00, 1.783599e+02
4.153319e+01, -3.922569e-01, -3.554952e+00, -3.380785e+00, 1.786237e+02, 2.988528e+00, 1.778213e+02
4.134646e+01, -3.871542e-01, -3.447438e+00, -3.301218e+00, 1.785499e+02, 2.914064e+00, 1.780027e+02
4.116057e+01, -3.594164e-01, -3.311598e+00, -3.917860e+00, -1.780522e+02, 3.558444e+00, 1.747406e+02
4.097552e+01, -4.444190e-01, -3.121839e+00, -3.547176e+00, 1.716671e+02, 3.102757e+00, -1.747889e+02
4.079130e+01, -3.837018e-01, -3.358739e+00, -3.211268e+00, 1.798950e+02, 2.827566e+00, 1.767463e+02
4.060790e+01, -3.999268e-01, -2.903043e+00, -4.434934e+00, 1.784227e+02, 4.035008e+00, 1.786742e+02
4.042534e+01, -4.624354e-01, -3.406841e+00, -1.929964e+00, 1.693290e+02, 1.467529e+00, -1.727359e+02
4.024359e+01, -3.775625e-01, -3.056131e+00, -5.265118e+00, -1.744991e+02, 4.887556e+00, 1.714429e+02
4.006266e+01, -4.709858e-01, -2.787836e+00, -3.585173e+00, 1.693906e+02, 3.114187e+00, -1.721785e+02
3.988254e+01, -3.800316e-01, -3.344764e+00, -3.178593e+00, -1.789361e+02, 2.798562e+00, 1.755914e+02
3.970323e+01, -4.297673e-01, -2.759504e+00, -5.238401e+00, 1.753804e+02, 4.808634e+00, -1.781399e+02
3.952473e+01, -3.273952e-01, -3.764867e+00, -3.279719e+00, -1.712083e+02, 2.952324e+00, 1.674435e+02
3.934703e+01, -3.901339e-01, -2.935613e+00, -5.151427e+00, -1.783727e+02, 4.761293e+00, 1.754371e+02
3.917013e+01, -3.909617e-01, -3.524208e+00, -2.885282e+00, -1.798410e+02, 2.494320e+00, 1.763168e+02
3.899402e+01, -3.566352e-01, -2.949921e+00, -5.076694e+00, -1.749645e+02, 4.720059e+00, 1.720145e+02
3.881871e+01, -3.983763e-01, -3.140215e+00, -3.635928e+00, 1.793316e+02, 3.237552e+00, 1.775282e+02
3.864419e+01, -3.959172e-01, -2.947260e+00, -4.985291e+00, -1.737079e+02, 4.589374e+00, 1.707606e+02
3.847045e+01, -4.236109e-01, -3.013893e+00, -4.394094e+00, 1.784798e+02, 3.970483e+00, 1.785063e+02
3.829749e+01, -4.388250e-01, -3.017585e+00, -3.554989e+00, 1.765938e+02, 3.116164e+00, -1.796114e+02
3.812530e+01, -4.255255e-01, -2.936963e+00, -4.410472e+00, 1.786175e+02, 3.984947e+00, 1.784455e+02
3.795390e+01, -3.811472e-01, -2.916082e+00, -3.971976e+00, -1.785225e+02, 3.590829e+00, 1.756064e+02
3.778326e+01, -3.766898e-01, -2.914593e+00, -4.907008e+00, -1.762153e+02, 4.530318e+00, 1.733007e+02
3.761339e+01, -3.840997e-01, -3.269445e+00, -2.582436e+00, 1.794451e+02, 2.198336e+00, 1.772855e+02
3.744428e+01, -4.193308e-01, -2.662078e+00, -4.829180e+00, 1.771328e+02, 4.409850e+00, -1.797949e+02
3.727594e+01, -3.347340e-01, -3.247524e+00, -4.592983e+00, -1.645842e+02, 4.258249e+00, 1.613366e+02
3.710835e+01, -4.029364e-01, -2.750839e+00, -4.449340e+00, 1.786438e+02, 4.046404e+00, 1.786054e+02
3.694151e+01, -3.498582e-01, -2.957578e+00, -4.752131e+00, -1.741073e+02, 4.402273e+00, 1.711497e+02
3.677543e+01, -4.381192e-01, -2.945059e+00, -3.247345e+00, 1.729101e+02, 2.809226e+00, -1.758552e+02
3.661009e+01, -3.686066e-01, -2.735843e+00, -5.441736e+00, -1.767757e+02, 5.073130e+00, 1.740399e+02
3.644549e+01, -4.313736e-01, -2.909799e+00, -3.156229e+00, 1.741104e+02, 2.724855e+00, -1.770202e+02
3.628164e+01, -4.553416e-01, -2.500342e+00, -3.927106e+00, 1.680537e+02, 3.471765e+00, -1.705540e+02
3.611852e+01, -4.070610e-01, -2.969274e+00, -2.803051e+00, 1.747297e+02, 2.395990e+00, -1.776990e+02
3.595614e+01, -4.919890e-01, -2.616311e+00, -2.212791e+00, 1.650008e+02, 1.720802e+00, -1.676171e+02
3.579448e+01, -3.956509e-01, -2.540452e+00, -4.669038e+00, 1.763987e+02, 4.273387e+00, -1.789392e+02
3.563355e+01, -4.166511e-01, -3.004428e+00, -2.282572e+00, 1.727282e+02, 1.865921e+00, -1.757326e+02
3.547335e+01, -4.564548e-01, -2.289481e+00, -3.806882e+00, 1.668317e+02, 3.350428e+00, -1.691212e+02
3.531386e+01, -3.523649e-01, -2.881670e+00, -4.197559e+00, -1.726386e+02, 3.845194e+00, 1.697570e+02
3.515510e+01, -4.288129e-01, -3.105955e+00, -2.580805e+00, 1.757336e+02, 2.151992e+00, -1.788395e+02
3.499704e+01, -3.705975e-01, -2.241374e+00, -6.166239e+00, -1.774719e+02, 5.795641e+00, 1.752305e+02
3.483970e+01, -2.989166e-01, -3.083196e+00, -3.766008e+00, -1.653610e+02, 3.467091e+00, 1.622778e+02
3.468306e+01, -4.481191e-01, -2.703737e+00, -4.529307e+00, 1.769981e+02, 4.081188e+00, -1.797018e+02
3.452713e+01, -3.668830e-01, -2.386742e+00, -5.654199e+00, -1.750421e+02, 5.287316e+00, 1.726554e+02
3.437190e+01, -3.493075e-01, -2.839456e+00, -3.552159e+00, -1.741431e+02, 3.202852e+00, 1.713036e+02
3.421737e+01, -4.352515e-01, -2.625750e+00, -4.114812e+00, 1.739274e+02, 3.679560e+00, -1.765532e+02
3.406353e+01, -3.806292e-01, -2.456169e+00, -5.282076e+00, -1.774638e+02, 4.901447e+00, 1.750076e+02
3.391038e+01, -3.965272e-01, -2.881144e+00, -3.424149e+00, -1.788717e+02, 3.027622e+00, 1.759905e+02
3.375793e+01, -4.282769e-01, -2.740784e+00, -3.122950e+00, 1.766043e+02, 2.694673e+00, -1.793451e+02
3.360615e+01, -3.829710e-01, -2.525602e+00, -4.022828e+00, 1.760212e+02, 3.639857e+00, -1.785468e+02
3.345506e+01, -3.887464e-01, -2.524827e+00, -4.563630e+00, -1.779502e+02, 4.174883e+00, 1.754253e+02
3.330465e+01, -3.981346e-01, -2.635376e+00, -4.070203e+00, -1.799584e+02, 3.672068e+00, 1.773230e+02
3.315492e+01, -4.075568e-01, -2.419510e+00, -4.577605e+00, 1.759027e+02, 4.170048e+00, -1.783222e+02
3.300586e+01, -4.241387e-01, -2.446008e+00, -3.200248e+00, 1.717061e+02, 2.776109e+00, -1.741522e+02
3.285747e+01, -4.158806e-01, -2.545931e+00, -3.339772e+00, 1.760319e+02, 2.923892e+00, -1.785778e+02
3.270974e+01, -3.697841e-01, -2.661356e+00, -5.038648e+00, -1.713982e+02, 4.668864e+00, 1.687368e+02
3.256268e+01, -3.931694e-01, -2.601133e+00, -4.756092e+00, -1.771684e+02, 4.362923e+00, 1.745672e+02
3.241628e+01, -4.065346e-01, -2.360116e+00, -4.334471e+00, 1.762309e+02, 3.927937e+00, -1.785910e+02
3.227054e+01, -3.949217e-01, -2.530034e+00, -2.161307e+00, 1.723948e+02, 1.766385e+00, -1.749249e+02
3.212546e+01, -4.213130e-01, -2.892298e+00, -2.007129e+00, 1.763317e+02, 1.585816e+00, -1.792240e+02
3.198103e+01, -3.915077e-01, -2.583390e+00, -3.584294e+00, 1.779868e+02, 3.192787e+00, 1.794298e+02
3.183724e+01, -4.026434e-01, -2.199572e+00, -6.171143e+00, -1.799665e+02, 5.768499e+00, 1.777669e+02
3.169411e+01, -3.953238e-01, -2.339331e+00, -4.404506e+00, 1.788665e+02, 4.009182e+00, 1.787942e+02
3.155161e+01, -3.742225e-01, -2.839532e+00, -3.025680e+00, -1.792638e+02, 2.651457e+00, 1.764242e+02
3.140976e+01, -3.931190e-01, -2.434024e+00, -4.465959e+00, 1.795378e+02, 4.072840e+00, 1.780282e+02
3.126854e+01, -4.313112e-01, -2.258765e+00, -5.245778e+00, 1.769541e+02, 4.814467e+00, -1.792128e+02
3.112796e+01, -3.445386e-01, -2.285046e+00, -6.651661e+00, -1.716119e+02, 6.307122e+00, 1.693268e+02
3.098802e+01, -4.196457e-01, -1.992287e+00, -4.456379e+00, 1.719522e+02, 4.036733e+00, -1.739445e+02
3.084870e+01, -4.666794e-01, -2.363121e+00, -2.273907e+00, 1.697413e+02, 1.807228e+00, -1.721044e+02
3.071000e+01, -4.135369e-01, -2.764493e+00, -2.431256e+00, 1.777445e+02, 2.017719e+00, 1.794910e+02
3.057193e+01, -3.688823e-01, -2.849656e+00, -3.375506e+00, -1.725911e+02, 3.006624e+00, 1.697414e+02
3.043449e+01, -4.366844e-01, -2.444666e+00, -3.008641e+00, 1.718533e+02, 2.571956e+00, -1.742979e+02
3.029766e+01, -4.207330e-01, -2.321864e+00, -3.320747e+00, 1.730116e+02, 2.900014e+00, -1.753335e+02
3.016144e+01, -3.960434e-01, -2.215547e+00, -5.264659e+00, 1.769943e+02, 4.868616e+00, -1.792098e+02
3.002584e+01, -4.013578e-01, -2.098706e+00, -5.678411e+00, 1.794714e+02, 5.277053e+00, 1.784299e+02
2.989084e+01, -3.762479e-01, -2.202983e+00, -4.635918e+00, -1.797325e+02, 4.259670e+00, 1.775295e+02
2.975646e+01, -3.711875e-01, -2.581363e+00, -3.176272e+00, -1.767543e+02, 2.805085e+00, 1.741729e+02
2.962268e+01, -3.750234e-01, -2.554091e+00, -3.725896e+00, -1.738449e+02, 3.350872e+00, 1.712908e+02
2.948950e+01, -3.897788e-01, -2.300153e+00, -4.237969e+00, -1.788992e+02, 3.848191e+00, 1.765990e+02
2.935691e+01, -3.975798e-01, -2.494722e+00, -4.320776e+00, -1.791506e+02, 3.923196e+00, 1.766559e+02
2.922493e+01, -3.175730e-01, -2.859899e+00, -4.122578e+00, -1.588765e+02, 3.805005e+00, 1.560166e+02
2.909354e+01, -3.383954e-01, -2.474430e+00, -4.611455e+00, -1.659823e+02, 4.273060e+00, 1.635078e+02
2.896273e+01, -4.049790e-01, -2.356394e+00, -2.819227e+00, 1.763482e+02, 2.414248e+00, -1.787046e+02
2.883252e+01, -3.680133e-01, -2.934348e+00, -1.900321e+00, -1.732863e+02, 1.532308e+00, 1.703519e+02
2.870289e+01, -3.363230e-01, -2.956879e+00, -3.342812e+00, -1.633453e+02, 3.006489e+00, 1.603884e+02
2.857385e+01, -4.261404e-01, -2.558132e+00, -2.129026e+00, 1.759480e+02, 1.702885e+00, -1.785061e+02
2.844538e+01, -3.806170e-01, -2.476403e+00, -2.336482e+00, -1.791339e+02, 1.955865e+00, 1.766575e+02
2.831749e+01, -3.392226e-01, -2.458870e+00, -4.606069e+00, -1.668240e+02, 4.266846e+00, 1.643651e+02
2.819018e+01, -6.120719e-01, -1.773032e+00, 6.295770e-01, 1.515954e+02, -1.241649e+00, -1.533684e+02
2.806344e+01, -2.332098e-01, -3.248596e+00, -9.030932e-01, -1.570602e+02, 6.698834e-01, 1.538116e+02
2.793727e+01, -1.511634e-01, -1.866677e+00, -5.192905e+00, -8.275177e+01, 5.041742e+00, 8.088510e+01
2.781167e+01, -5.398449e-01, -8.651429e-01, -4.280662e+00, 1.410489e+02, 3.740817e+00, -1.419140e+02
2.768663e+01, -4.064865e-01, -2.799793e+00, 4.112191e-01, 1.734896e+02, -8.177057e-01, -1.762894e+02
2.756215e+01, -2.503492e-01, -2.048466e+00, -6.560952e+00, -1.365520e+02, 6.310603e+00, 1.345035e+02
2.743824e+01, -4.406659e-01, -1.310595e+00, -8.548658e+00, 1.640709e+02, 8.107992e+00, -1.653815e+02
2.731488e+01, -4.323892e-01, -1.886133e+00, -3.330804e+00, 1.687946e+02, 2.898415e+00, -1.706807e+02
2.719207e+01, -3.807727e-01, -2.270259e+00, -4.418426e+00, -1.738885e+02, 4.037653e+00, 1.716183e+02
2.706982e+01, -3.955910e-01, -2.135640e+00, -5.240908e+00, -1.774592e+02, 4.845317e+00, 1.753235e+02
2.694812e+01, -4.481864e-01, -2.157915e+00, -2.391047e+00, 1.694789e+02, 1.942861e+00, -1.716368e+02
2.682696e+01, -3.548493e-01, -2.643572e+00, -2.974813e+00, -1.722594e+02, 2.619963e+00, 1.696158e+02
2.670635e+01, -3.763718e-01, -2.210223e+00, -3.367760e+00, -1.791732e+02, 2.991388e+00, 1.769630e+02
2.658628e+01, -3.580329e-01, -2.103452e+00, -2.874376e+00, -1.786992e+02, 2.516343e+00, 1.765958e+02
2.646675e+01, -3.463724e-01, -1.672375e+00, -6.238262e+00, -1.761497e+02, 5.891889e+00, 1.744774e+02
2.634776e+01, -3.977951e-01, -1.839084e+00, -3.723081e+00, 1.729234e+02, 3.325286e+00, -1.747625e+02
2.622930e+01, -4.161355e-01, -1.664624e+00, -4.631092e+00, 1.702663e+02, 4.214956e+00, -1.719310e+02
2.611138e+01, -4.305737e-01, -1.972424e+00, -3.695480e+00, 1.758043e+02, 3.264907e+00, -1.777767e+02
2.599398e+01, -4.008222e-01, -2.068523e+00, -3.784850e+00, 1.785433e+02, 3.384028e+00, 1.793882e+02
2.587712e+01, -4.301235e-01, -2.036583e+00, -2.545844e+00, 1.711580e+02, 2.115721e+00, -1.731945e+02
2.576078e+01, -3.849848e-01, -1.981920e+00, -4.224795e+00, 1.790959e+02, 3.839810e+00, 1.789222e+02
2.564496e+01, -4.123902e-01, -2.090902e+00, -2.500347e+00, 1.741492e+02, 2.087956e+00, -1.762401e+02
2.552966e+01, -3.871378e-01, -2.256826e+00, -3.190141e+00, 1.797637e+02, 2.803003e+00, 1.779795e+02
2.541488e+01, -3.612890e-01, -1.943784e+00, -4.152960e+00, -1.742628e+02, 3.791671e+00, 1.723190e+02
2.530062e+01, -3.638856e-01, -1.711980e+00, -5.223609e+00, -1.773013e+02, 4.859724e+00, 1.755893e+02
2.518687e+01, -4.122219e-01, -1.953829e+00, -4.099940e+00, 1.732234e+02, 3.687718e+00, -1.751772e+02
2.507363e+01, -3.824278e-01, -2.058945e+00, -5.436321e+00, -1.745726e+02, 5.053894e+00, 1.725137e+02
2.496090e+01, -3.956667e-01, -2.036244e+00, -2.651107e+00, 1.759730e+02, 2.255440e+00, -1.780092e+02
2.484868e+01, -2.976561e-01, -1.570132e+00, -7.392514e+00, -1.649842e+02, 7.094858e+00, 1.634141e+02
2.473696e+01, -4.965671e-01, -1.875883e+00, -1.660697e+00, 1.630562e+02, 1.164130e+00, -1.649321e+02
2.462575e+01, -3.163553e-01, -2.085276e+00, -4.673418e+00, -1.662126e+02, 4.357063e+00, 1.641273e+02
2.451503e+01, -3.586999e-01, -2.201020e+00, -2.653329e+00, -1.761688e+02, 2.294629e+00, 1.739678e+02
2.440482e+01, -3.648278e-01, -1.378628e+00, -6.906398e+00, 1.764127e+02, 6.541570e+00, -1.777913e+02
2.429510e+01, -4.060861e-01, -2.023260e+00, -2.464719e+00, 1.722552e+02, 2.058633e+00, -1.742785e+02
2.418587e+01, -3.615141e-01, -1.712878e+00, -5.842224e+00, -1.784485e+02, 5.480710e+00, 1.767356e+02
2.407713e+01, -3.856991e-01, -1.311175e+00, -4.303190e+00, 1.700356e+02, 3.917491e+00, -1.713467e+02
2.396888e+01, -4.846780e-01, -2.154143e+00, -1.492959e+00, 1.675551e+02, 1.008281e+00, -1.697093e+02
2.386112e+01, -2.610163e-01, -2.155341e+00, -4.059198e+00, -1.542834e+02, 3.798182e+00, 1.521280e+02
2.375384e+01, -4.447124e-01, -1.475678e+00, -3.654773e+00, 1.625391e+02, 3.210060e+00, -1.640148e+02
2.364705e+01, -3.822538e-01, -1.863725e+00, -5.065521e+00, -1.752333e+02, 4.683267e+00, 1.733696e+02
2.354073e+01, -3.732344e-01, -1.795344e+00, -3.045062e+00, 1.759393e+02, 2.671828e+00, -1.777347e+02
2.343490e+01, -4.628072e-01, -1.572309e+00, -2.167128e+00, 1.611968e+02, 1.704321e+00, -1.627691e+02
2.332954e+01, -2.773892e-01, -1.576750e+00, -8.763170e+00, -1.404470e+02, 8.485781e+00, 1.388702e+02
2.322465e+01, -4.835070e-01, -2.163174e+00, 2.010566e-01, 1.667511e+02, -6.845636e-01, -1.689143e+02
2.312023e+01, -3.698280e-01, -1.149235e+00, -9.121090e+00, 1.747997e+02, 8.751262e+00, -1.759489e+02
2.301629e+01, -3.347395e-01, -2.252598e+00, -2.343879e+00, -1.696618e+02, 2.009139e+00, 1.674092e+02
2.291281e+01, -4.085805e-01, -1.344325e+00, -5.495482e+00, 1.718746e+02, 5.086901e+00, -1.732189e+02
2.280979e+01, -3.520448e-01, -1.946066e+00, -4.998171e+00, -1.657964e+02, 4.646126e+00, 1.638503e+02
2.270724e+01, -4.326274e-01, -1.406789e+00, -3.248131e+00, 1.648327e+02, 2.815503e+00, -1.662395e+02
2.260515e+01, -3.709669e-01, -1.839148e+00, -3.112575e+00, 1.786903e+02, 2.741608e+00, 1.794706e+02
2.250352e+01, -3.920855e-01, -1.718440e+00, -4.025854e+00, 1.783295e+02, 3.633769e+00, 1.799521e+02
2.240235e+01, -3.532597e-01, -1.637235e+00, -3.856961e+00, 1.786929e+02, 3.503701e+00, 1.796698e+02
2.230163e+01, -3.480344e-01, -1.646053e+00, -4.515092e+00, -1.775024e+02, 4.167058e+00, 1.758563e+02
2.220137e+01, -3.718949e-01, -1.730312e+00, -4.750860e+00, -1.786168e+02, 4.378965e+00, 1.768865e+02
2.210155e+01, -4.216527e-01, -1.341144e+00, -3.614503e+00, 1.694309e+02, 3.192850e+00, -1.707721e+02
2.200218e+01, -3.644212e-01, -1.483507e+00, -4.139191e+00, 1.766727e+02, 3.774770e+00, -1.781562e+02
2.190326e+01, -3.591626e-01, -1.440205e+00, -5.419960e+00, 1.793749e+02, 5.060797e+00, 1.791849e+02
2.180479e+01, -3.713949e-01, -1.556402e+00, -4.463774e+00, 1.757542e+02, 4.092380e+00, -1.773106e+02
2.170676e+01, -4.049780e-01, -1.387901e+00, -3.257248e+00, 1.670927e+02, 2.852270e+00, -1.684806e+02
2.160917e+01, -3.850461e-01, -1.712043e+00, -3.649964e+00, 1.771853e+02, 3.264918e+00, -1.788973e+02
2.151201e+01, -3.638612e-01, -1.360019e+00, -5.729185e+00, -1.790550e+02, 5.365324e+00, 1.776950e+02
2.141530e+01, -3.827411e-01, -1.548094e+00, -3.024377e+00, 1.757715e+02, 2.641636e+00, -1.773196e+02
2.131902e+01, -4.188507e-01, -1.483822e+00, -4.195914e+00, 1.660813e+02, 3.777063e+00, -1.675651e+02
2.122317e+01, -3.276570e-01, -1.422466e+00, -5.399644e+00, -1.777424e+02, 5.071987e+00, 1.763200e+02
2.112775e+01, -2.765593e-01, -1.460183e+00, -5.639512e+00, -1.657984e+02, 5.362953e+00, 1.643382e+02
2.103276e+01, -3.531510e-01, -2.110183e+00, -3.371769e+00, -1.726599e+02, 3.018618e+00, 1.705497e+02
2.093820e+01, -3.521705e-01, -1.985352e+00, -2.989622e+00, -1.743531e+02, 2.637452e+00, 1.723677e+02
2.084407e+01, -4.099502e-01, -1.439077e+00, -6.134383e+00, 1.717610e+02, 5.724433e+00, -1.732001e+02
2.075035e+01, -3.519039e-01, -1.556418e+00, -6.107602e+00, -1.751936e+02, 5.755698e+00, 1.736372e+02
2.065706e+01, -2.910351e-01, -1.875562e+00, -5.404418e+00, -1.547163e+02, 5.113383e+00, 1.528407e+02
2.056419e+01, -4.682134e-01, -1.425181e+00, -2.298946e+00, 1.620587e+02, 1.830733e+00, -1.634839e+02
2.047173e+01, -3.313129e-01, -1.225760e+00, -6.556062e+00, -1.704071e+02, 6.224749e+00, 1.691813e+02
2.037970e+01, -3.344745e-01, -1.583236e+00, -4.107958e+00, -1.691936e+02, 3.773484e+00, 1.676104e+02
2.028807e+01, -3.763223e-01, -2.065300e+00, -2.040288e+00, -1.763564e+02, 1.663966e+00, 1.742911e+02
2.019686e+01, -3.778075e-01, -1.598397e+00, -6.146498e+00, -1.763752e+02, 5.768691e+00, 1.747768e+02
2.010605e+01, -3.920017e-01, -1.191250e+00, -3.782770e+00, 1.665532e+02, 3.390769e+00, -1.677445e+02
2.001566e+01, -3.979969e-01, -1.110257e+00, -3.448589e+00, 1.667985e+02, 3.050592e+00, -1.679088e+02
1.992567e+01, -3.762888e-01, -9.989939e-01, -3.306605e+00, 1.646433e+02, 2.930317e+00, -1.656423e+02
1.983609e+01, -3.969058e-01, -1.238798e+00, -2.070340e+00, 1.646149e+02, 1.673434e+00, -1.658537e+02
1.974691e+01, -3.867837e-01, -1.056960e+00, -2.194099e+00, 1.672639e+02, 1.807315e+00, -1.683208e+02
1.965813e+01, -3.909303e-01, -1.247836e+00, -2.408328e+00, 1.662352e+02, 2.017398e+00, -1.674831e+02
1.956974e+01, -4.497825e-01, -1.860733e+00, -2.604246e+00, 1.677626e+02, 2.154464e+00, -1.696233e+02
1.948176e+01, -3.811546e-01, -2.259793e+00, -6.164772e+00, -1.743310e+02, 5.783617e+00, 1.720712e+02
1.939417e+01, -4.459625e-01, -1.754266e+00, -5.129687e+00, 1.678193e+02, 4.683724e+00, -1.695735e+02
1.930698e+01, -4.106990e-01, -2.552220e+00, -4.892704e+00, -1.794448e+02, 4.482005e+00, 1.768926e+02
1.922018e+01, -6.627108e-01, -2.046712e+00, -3.712034e+00, 1.557463e+02, 3.049323e+00, -1.577930e+02
1.913376e+01, -6.166355e-01, -4.952442e+00, -5.256082e+00, 1.763025e+02, 4.639447e+00, 1.787450e+02
1.904774e+01, -1.084178e+00, -4.264356e+00, -5.147329e+00, 1.559039e+02, 4.063151e+00, -1.601682e+02
1.896210e+01, -1.693286e+00, -1.281693e+01, -5.270587e+00, 1.655268e+02, 3.577301e+00, -1.783438e+02
1.887685e+01, -2.963102e+00, -1.231934e+01, -3.749338e+00, 1.518390e+02, 7.862366e-01, -1.641583e+02
1.879198e+01, -2.151840e+00, -2.776110e+01, -5.229384e+00, 1.702963e+02, 3.077544e+00, 1.619426e+02
1.870750e+01, -3.073245e+00, -1.437010e+01, -8.432245e+00, 1.495650e+02, 5.359000e+00, -1.639351e+02
1.862339e+01, -3.920180e+00, -2.541568e+01, -6.305904e+00, 1.538023e+02, 2.385724e+00, -1.792180e+02
1.853966e+01, -4.101905e+00, -2.670027e+01, -6.566252e+00, 1.528669e+02, 2.464347e+00, -1.795672e+02
1.845631e+01, -4.104105e+00, -3.657461e+01, -5.906763e+00, 1.576263e+02, 1.802658e+00, 1.657991e+02
1.837333e+01, -6.387665e+00, -2.318502e+01, -6.559409e+00, 1.426611e+02, 1.717437e-01, -1.658461e+02
1.829073e+01, -2.491732e+01, -1.348555e+02, -1.673894e+01, 1.453006e+02, -8.178388e+00, 7.984396e+01
1.820849e+01, -1.839538e+01, 1.713824e+02, -2.395375e+01, 1.399752e+02, 5.558370e+00, 3.140723e+01
1.812663e+01, -6.020996e+00, -5.101481e+01, -5.403038e+01, -5.150964e+01, 4.800938e+01, 4.948230e-01
1.804513e+01, -4.291635e+00, -2.482025e+01, -1.317175e+01, 1.375881e+02, 8.880111e+00, -1.624084e+02
1.796401e+01, -1.899303e+00, -2.542276e+01, -1.195155e+01, -1.757041e+02, 1.005225e+01, 1.502814e+02
1.788324e+01, -5.381622e-01, -9.189081e+00, -8.706234e+00, -1.419288e+02, 8.168072e+00, 1.327397e+02
1.780284e+01, -4.033814e-01, -3.093534e+00, -8.580482e+00, -1.574842e+02, 8.177101e+00, 1.543907e+02
1.772280e+01, -3.184672e-01, -1.982871e+00, -6.128973e+00, -1.608441e+02, 5.810506e+00, 1.588612e+02
1.764312e+01, -2.752643e-01, -1.519358e+00, -7.260112e+00, -1.467482e+02, 6.984848e+00, 1.452288e+02
1.756380e+01, -3.757794e-01, -1.045341e+00, -7.737208e+00, 1.721429e+02, 7.361428e+00, -1.731882e+02
1.748483e+01, -3.820883e-01, -1.357913e+00, -5.196869e+00, 1.798516e+02, 4.814780e+00, 1.787905e+02
1.740622e+01, -4.413105e-01, -1.430990e+00, -8.717959e-01, 1.678047e+02, 4.304854e-01, -1.692357e+02
1.732797e+01, -2.742301e-01, -1.347313e+00, -6.486195e+00, -1.645836e+02, 6.211965e+00, 1.632363e+02
1.725006e+01, -4.809302e-01, -1.286690e+00, -3.733052e+00, 1.627850e+02, 3.252122e+00, -1.640717e+02
1.717251e+01, -7.371557e-01, -3.260427e+00, -3.288424e+00, 1.628645e+02, 2.551269e+00, -1.661249e+02
1.709530e+01, -7.285741e-01, -8.086313e+00, -2.727283e+00, -1.771222e+02, 1.998709e+00, 1.690358e+02
1.701844e+01, -5.404307e-01, -6.870509e+00, -5.349904e+00, -1.710046e+02, 4.809473e+00, 1.641341e+02
1.694193e+01, -3.891305e-01, -4.041798e+00, -9.886312e+00, -1.574532e+02, 9.497181e+00, 1.534114e+02
1.686576e+01, -4.615481e-01, -2.643208e+00, -7.869960e+00, -1.709041e+02, 7.408411e+00, 1.682609e+02
1.678993e+01, -5.094783e-01, -2.225378e+00, -2.440241e+00, 1.714273e+02, 1.930763e+00, -1.736527e+02
1.671445e+01, -4.309755e-01, -2.079095e+00, -8.089443e+00, -1.779422e+02, 7.658468e+00, 1.758631e+02
1.663930e+01, -4.627650e-01, -3.702720e+00, -4.443498e+00, -1.727352e+02, 3.980733e+00, 1.690325e+02
1.656449e+01, -6.761970e-01, -2.524969e+00, -3.925989e+00, 1.602849e+02, 3.249792e+00, -1.628099e+02
1.649002e+01, -1.249726e+00, -6.700666e+00, -2.899122e+00, 1.659906e+02, 1.649396e+00, -1.726913e+02
1.641588e+01, -6.753610e-01, -1.206709e+01, -6.436616e+00, -1.700132e+02, 5.761255e+00, 1.579461e+02
1.634208e+01, -1.206946e+00, -1.720290e+01, -5.039613e+00, -1.727934e+02, 3.832667e+00, 1.555905e+02
1.626861e+01, -2.733712e-01, -1.223264e+01, -4.110984e+00, -1.574009e+02, 3.837613e+00, 1.451682e+02
1.619546e+01, -9.482622e-01, -4.057508e+00, -8.933088e+00, 1.619751e+02, 7.984826e+00, -1.660326e+02
1.612265e+01, -1.324838e+00, -9.794929e+00, -6.281329e+00, 1.717579e+02, 4.956491e+00, 1.784472e+02
1.605016e+01, -6.170370e-01, -6.202586e+00, -7.834315e+00, -1.631115e+02, 7.217278e+00, 1.569089e+02
1.597800e+01, -2.905000e-01, -1.745164e+00, -1.151804e+01, -1.245418e+02, 1.122754e+01, 1.227967e+02
1.590617e+01, -3.116341e-01, -1.773472e+00, -6.927497e+00, -1.432077e+02, 6.615863e+00, 1.414342e+02
1.583466e+01, -3.896418e-01, -1.163562e+00, -6.682948e+00, 1.755624e+02, 6.293307e+00, -1.767260e+02
1.576347e+01, -3.294492e-01, -1.102710e+00, -7.458754e+00, -1.602338e+02, 7.129305e+00, 1.591311e+02
1.569259e+01, -3.312803e-01, -1.404034e+00, -7.933187e+00, -1.488356e+02, 7.601906e+00, 1.474315e+02
1.562204e+01, -3.261679e-01, -1.051541e+00, -6.967742e+00, -1.669706e+02, 6.641574e+00, 1.659190e+02
1.555181e+01, -3.961405e-01, -8.749663e-01, -2.585433e+00, 1.666592e+02, 2.189292e+00, -1.675342e+02
1.548189e+01, -4.195764e-01, -7.491617e-01, -2.817501e+00, 1.621203e+02, 2.397924e+00, -1.628694e+02
1.541228e+01, -4.118291e-01, -1.105888e+00, -1.292425e+00, 1.696481e+02, 8.805960e-01, -1.707540e+02
1.534299e+01, -3.438300e-01, -1.678813e+00, -5.379734e+00, -1.533494e+02, 5.035904e+00, 1.516706e+02
1.527401e+01, -2.270831e-01, -1.423965e+00, -5.754771e+00, -1.058410e+02, 5.527688e+00, 1.044170e+02
1.520534e+01, -3.290424e-01, -1.855301e+00, -6.877145e+00, -1.255269e+02, 6.548103e+00, 1.236716e+02
1.513698e+01, -3.169163e-01, -1.217688e+00, -7.996008e+00, -1.478824e+02, 7.679092e+00, 1.466647e+02
1.506892e+01, -4.370090e-01, -1.139140e+00, -3.943331e+00, 1.708559e+02, 3.506322e+00, -1.719950e+02
1.500118e+01, -3.587096e-01, -7.173202e-01, -1.045613e+01, 1.797033e+02, 1.009742e+01, 1.795794e+02
1.493373e+01, -3.713515e-01, -1.375209e+00, -4.319247e+00, -1.666206e+02, 3.947896e+00, 1.652454e+02
1.486659e+01, -3.754401e-01, -1.013480e+00, -7.986170e+00, -1.769132e+02, 7.610730e+00, 1.758997e+02
1.479975e+01, -3.796786e-01, -1.330573e+00, -2.944889e+00, -1.745310e+02, 2.565211e+00, 1.732004e+02
1.473321e+01, -3.935546e-01, -1.064822e+00, -3.283694e+00, 1.717019e+02, 2.890139e+00, -1.727667e+02
1.466697e+01, -3.989367e-01, -1.121753e+00, -2.074244e+00, 1.774435e+02, 1.675307e+00, -1.785653e+02
1.460103e+01, -4.062532e-01, -9.429062e-01, -2.973557e+00, 1.648962e+02, 2.567304e+00, -1.658391e+02
1.453539e+01, -3.908526e-01, -8.891302e-01, -3.870728e+00, 1.732808e+02, 3.479876e+00, -1.741699e+02
1.447004e+01, -3.752829e-01, -1.070518e+00, -3.955958e+00, 1.767114e+02, 3.580675e+00, -1.777819e+02
1.440498e+01, -3.806968e-01, -9.390454e-01, -5.853006e+00, 1.750473e+02, 5.472309e+00, -1.759863e+02
1.434022e+01, -3.146299e-01, -1.095401e+00, -8.476714e+00, -1.420858e+02, 8.162085e+00, 1.409904e+02
1.427575e+01, -3.643198e-01, -1.479576e+00, -4.411033e+00, -1.601379e+02, 4.046713e+00, 1.586583e+02
1.421157e+01, -3.699135e-01, -1.162711e+00, -8.603533e+00, -1.545138e+02, 8.233619e+00, 1.533510e+02
1.414767e+01, -3.122869e-01, -1.453621e+00, -7.874781e+00, -1.235020e+02, 7.562494e+00, 1.220484e+02
1.408407e+01, -3.380194e-01, -1.281288e+00, -7.753015e+00, -1.421425e+02, 7.414996e+00, 1.408612e+02
1.402074e+01, -3.960251e-01, -8.588509e-01, -5.467489e+00, 1.738954e+02, 5.071464e+00, -1.747542e+02
1.395771e+01, -4.169381e-01, -8.141375e-01, -2.819488e+00, 1.715108e+02, 2.402550e+00, -1.723249e+02
1.389496e+01, -5.193946e-01, -5.743838e-01, 2.388587e+00, 1.566663e+02, -2.907981e+00, -1.572407e+02
1.383249e+01, -4.799169e-01, -4.866046e-01, 1.608379e+00, 1.553826e+02, -2.088296e+00, -1.558692e+02
1.377030e+01, -4.467970e-01, -3.726000e-01, -5.055896e-02, 1.561059e+02, -3.962380e-01, -1.564785e+02
1.370839e+01, -4.298876e-01, -8.453698e-01, -1.769480e+00, 1.631452e+02, 1.339592e+00, -1.639906e+02
1.364676e+01, -4.078345e-01, -4.731534e-01, -1.900032e+00, 1.553284e+02, 1.492197e+00, -1.558016e+02
1.358540e+01, -3.232224e-01, -8.082944e-01, -7.365682e+00, -1.793171e+02, 7.042460e+00, 1.785088e+02
1.352432e+01, -2.993587e-01, -1.279806e+00, -5.494164e+00, -1.523745e+02, 5.194805e+00, 1.510947e+02
1.346352e+01, -3.656879e-01, -1.112008e+00, -5.391357e+00, -1.725793e+02, 5.025669e+00, 1.714673e+02
1.340299e+01, -3.019892e-01, -1.658572e+00, -6.244872e+00, -1.218518e+02, 5.942883e+00, 1.201932e+02
1.334273e+01, -2.600265e-01, -1.783111e+00, -4.691102e+00, -1.098670e+02, 4.431076e+00, 1.080839e+02
1.328274e+01, -3.128057e-01, -1.403643e+00, -7.346849e+00, -1.316184e+02, 7.034043e+00, 1.302148e+02
1.322302e+01, -3.730852e-01, -1.087708e+00, -8.261791e+00, -1.634845e+02, 7.888706e+00, 1.623968e+02
1.316357e+01, -3.630801e-01, -1.117026e+00, -7.807120e+00, -1.632550e+02, 7.444040e+00, 1.621379e+02
1.310439e+01, -3.852937e-01, -1.119718e+00, -3.709894e+00, -1.785684e+02, 3.324600e+00, 1.774487e+02
1.304548e+01, -4.140232e-01, -9.599018e-01, -3.976921e+00, 1.736066e+02, 3.562898e+00, -1.745665e+02
1.298682e+01, -3.875586e-01, -9.542485e-01, -5.433319e+00, 1.769190e+02, 5.045761e+00, -1.778732e+02
1.292844e+01, -4.195808e-01, -1.073507e+00, -3.275244e+00, 1.727197e+02, 2.855663e+00, -1.737932e+02
1.287031e+01, -4.199763e-01, -9.793636e-01, -3.640696e+00, 1.758326e+02, 3.220720e+00, -1.768119e+02
1.281245e+01, -4.333049e-01, -9.390213e-01, -3.883007e+00, 1.754265e+02, 3.449702e+00, -1.763655e+02
1.275485e+01, -4.235860e-01, -1.035965e+00, -4.054354e+00, 1.797083e+02, 3.630768e+00, 1.792557e+02
1.269750e+01, -4.124564e-01, -9.491415e-01, -2.682655e+00, 1.726807e+02, 2.270199e+00, -1.736299e+02
1.264041e+01, -4.211558e-01, -9.899234e-01, -3.697209e+00, 1.747424e+02, 3.276053e+00, -1.757323e+02
1.258358e+01, -4.120495e-01, -1.023611e+00, -5.406437e+00, -1.790313e+02, 4.994388e+00, 1.780077e+02
1.252701e+01, -4.299423e-01, -9.041832e-01, -1.922501e+00, 1.725217e+02, 1.492559e+00, -1.734259e+02
1.247069e+01, -4.173010e-01, -9.413201e-01, -2.409823e+00, 1.734418e+02, 1.992522e+00, -1.743831e+02
1.241462e+01, -3.770003e-01, -1.109355e+00, -4.144390e+00, -1.748070e+02, 3.767389e+00, 1.736976e+02
1.235881e+01, -3.834493e-01, -1.073455e+00, -3.759190e+00, -1.770882e+02, 3.375741e+00, 1.760147e+02
1.230324e+01, -3.908881e-01, -1.013528e+00, -4.203201e+00, -1.764961e+02, 3.812313e+00, 1.754825e+02
1.224793e+01, -4.412377e-01, -1.176512e+00, -1.487119e+00, 1.773768e+02, 1.045881e+00, -1.785533e+02
1.219286e+01, -3.966264e-01, -7.849664e-01, -4.384908e+00, 1.715049e+02, 3.988282e+00, -1.722898e+02
1.213805e+01, -3.973151e-01, -1.130091e+00, -3.744497e+00, -1.755037e+02, 3.347182e+00, 1.743736e+02
1.208347e+01, -3.852249e-01, -1.143426e+00, -2.603400e+00, -1.786679e+02, 2.218175e+00, 1.775245e+02
1.202915e+01, -3.803164e-01, -6.345052e-01, -5.172438e+00, 1.740088e+02, 4.792122e+00, -1.746433e+02
1.197507e+01, -3.861997e-01, -7.611460e-01, -4.968896e+00, 1.767937e+02, 4.582697e+00, -1.775548e+02
1.192123e+01, -3.873219e-01, -9.015237e-01, -5.657025e+00, -1.766837e+02, 5.269703e+00, 1.757821e+02
1.186763e+01, -3.985304e-01, -9.906743e-01, -5.345646e+00, 1.777766e+02, 4.947115e+00, -1.787672e+02
1.181428e+01, -3.841161e-01, -8.933682e-01, -4.970974e+00, 1.764230e+02, 4.586858e+00, -1.773164e+02
1.176116e+01, -3.864329e-01, -9.087213e-01, -4.864784e+00, -1.792176e+02, 4.478351e+00, 1.783089e+02
1.170828e+01, -3.761558e-01, -1.036735e+00, -4.720705e+00, -1.725465e+02, 4.344549e+00, 1.715098e+02
1.165564e+01, -3.837504e-01, -1.002417e+00, -2.523552e+00, -1.775400e+02, 2.139801e+00, 1.765376e+02
1.160324e+01, -3.823737e-01, -9.572270e-01, -2.707559e+00, 1.796906e+02, 2.325186e+00, 1.793522e+02
1.155107e+01, -3.828108e-01, -8.684382e-01, -4.928167e+00, -1.756137e+02, 4.545356e+00, 1.747452e+02
1.149914e+01, -3.751932e-01, -7.315400e-01, -5.630187e+00, -1.793661e+02, 5.254994e+00, 1.786345e+02
1.144744e+01, -3.847916e-01, -9.181754e-01, -4.019236e+00, 1.760878e+02, 3.634445e+00, -1.770060e+02
1.139598e+01, -3.432159e-01, -1.072791e+00, -5.950452e+00, -1.616959e+02, 5.607236e+00, 1.606231e+02
1.134474e+01, -4.525488e-01, -9.008227e-01, -3.376874e+00, 1.682231e+02, 2.924325e+00, -1.691239e+02
1.129374e+01, -4.347720e-01, -8.843697e-01, -2.938055e+00, 1.720700e+02, 2.503283e+00, -1.729544e+02
1.124296e+01, -4.139770e-01, -8.317798e-01, -3.683085e+00, 1.746278e+02, 3.269108e+00, -1.754595e+02
1.119241e+01, -3.879434e-01, -8.785490e-01, -5.926706e+00, -1.748277e+02, 5.538762e+00, 1.739491e+02
1.114209e+01, -3.627409e-01, -1.002650e+00, -5.371945e+00, -1.676149e+02, 5.009204e+00, 1.666122e+02
1.109200e+01, -4.074671e-01, -6.977258e-01, -2.260868e+00, 1.727541e+02, 1.853401e+00, -1.734518e+02
1.104213e+01, -3.866017e-01, -7.031769e-01, -5.132032e+00, 1.734791e+02, 4.745431e+00, -1.741823e+02
1.099249e+01, -3.883298e-01, -8.953881e-01, -6.656327e+00, -1.765294e+02, 6.267997e+00, 1.756340e+02
1.094307e+01, -3.729193e-01, -9.174077e-01, -4.315389e+00, 1.792667e+02, 3.942470e+00, 1.798159e+02
1.089387e+01, -3.985387e-01, -6.954020e-01, -3.033784e+00, 1.766447e+02, 2.635245e+00, -1.773401e+02
1.084489e+01, -4.118992e-01, -9.046561e-01, -2.228448e+00, 1.788337e+02, 1.816549e+00, -1.797383e+02
1.079613e+01, -3.553194e-01, -7.325452e-01, -6.968344e+00, -1.709313e+02, 6.613025e+00, 1.701987e+02
1.074759e+01, -3.712910e-01, -9.850737e-01, -3.482586e+00, -1.710970e+02, 3.111295e+00, 1.701120e+02
1.069927e+01, -4.231696e-01, -7.673638e-01, -1.868536e+00, 1.765546e+02, 1.445366e+00, -1.773220e+02
1.065117e+01, -3.639895e-01, -1.007152e+00, -4.488002e+00, -1.690559e+02, 4.124013e+00, 1.680488e+02
1.060328e+01, -3.682522e-01, -7.729438e-01, -5.604530e+00, 1.794184e+02, 5.236278e+00, 1.798087e+02
1.055561e+01, -3.903777e-01, -8.889923e-01, -3.724476e+00, 1.791089e+02, 3.334098e+00, -1.799979e+02
1.050816e+01, -4.111856e-01, -6.748293e-01, -3.858656e+00, 1.689287e+02, 3.447470e+00, -1.696036e+02
1.046091e+01, -4.307690e-01, -9.838996e-01, -1.689898e+00, 1.777451e+02, 1.259129e+00, -1.787290e+02
1.041388e+01, -3.708753e-01, -6.788745e-01, -5.654263e+00, 1.765442e+02, 5.283387e+00, -1.772230e+02
1.036706e+01, -3.787882e-01, -6.821814e-01, -5.074297e+00, -1.774253e+02, 4.695508e+00, 1.767431e+02
1.032045e+01, -3.796763e-01, -7.008382e-01, -4.917744e+00, 1.774125e+02, 4.538068e+00, -1.781133e+02
1.027405e+01, -3.598733e-01, -8.742519e-01, -4.535959e+00, -1.663626e+02, 4.176085e+00, 1.654884e+02
1.022786e+01, -3.884441e-01, -1.123333e+00, -3.312132e+00, -1.720588e+02, 2.923688e+00, 1.709354e+02
1.018188e+01, -3.827119e-01, -6.457489e-01, -5.550299e+00, 1.792930e+02, 5.167587e+00, -1.799388e+02
1.013610e+01, -3.400592e-01, -5.956813e-01, -6.311097e+00, -1.682917e+02, 5.971038e+00, 1.676960e+02
1.009053e+01, -4.139542e-01, -7.019342e-01, -3.215961e+00, 1.789857e+02, 2.802007e+00, -1.796876e+02
1.004516e+01, -3.985745e-01, -6.250379e-01, -3.001080e+00, 1.757353e+02, 2.602506e+00, -1.763604e+02
1.000000e+01, -4.048768e-01, -5.299517e-01, -3.703673e+00, 1.731898e+02, 3.298796e+00, -1.737198e+02
