3.000000e+01, -4.222616e-01, -2.053954e+00, -2.861995e+01, -1.155249e+02, 2.819769e+01, 1.134709e+02
2.980098e+01, -4.059635e-01, -1.750690e+00, -3.052961e+01, -1.127414e+02, 3.012365e+01, 1.109907e+02
2.960329e+01, -3.949680e-01, -1.840789e+00, -2.935954e+01, -1.137915e+02, 2.896457e+01, 1.119507e+02
2.940690e+01, -3.787092e-01, -1.969271e+00, -2.961243e+01, -1.076759e+02, 2.923372e+01, 1.057067e+02
2.921182e+01, -3.890864e-01, -1.658174e+00, -3.087850e+01, -1.098826e+02, 3.048941e+01, 1.082244e+02
2.901803e+01, -3.865020e-01, -2.106015e+00, -2.839553e+01, -1.104232e+02, 2.800903e+01, 1.083172e+02
2.882553e+01, -3.921744e-01, -2.156729e+00, -2.853087e+01, -1.095604e+02, 2.813870e+01, 1.074037e+02
2.863431e+01, -3.767976e-01, -1.977918e+00, -2.962276e+01, -1.073154e+02, 2.924596e+01, 1.053375e+02
2.844435e+01, -3.612275e-01, -1.463015e+00, -3.056363e+01, -1.087318e+02, 3.020241e+01, 1.072688e+02
2.825566e+01, -3.698786e-01, -2.339031e+00, -2.790776e+01, -1.045026e+02, 2.753788e+01, 1.021636e+02
2.806821e+01, -3.598781e-01, -1.944591e+00, -2.873362e+01, -1.021768e+02, 2.837374e+01, 1.002322e+02
2.788201e+01, -3.968508e-01, -1.536452e+00, -3.176340e+01, -1.142253e+02, 3.136655e+01, 1.126889e+02
2.769705e+01, -4.189688e-01, -1.518305e+00, -3.068725e+01, -1.184491e+02, 3.026828e+01, 1.169308e+02
2.751331e+01, -4.096754e-01, -2.015048e+00, -2.813278e+01, -1.109052e+02, 2.772310e+01, 1.088902e+02
2.733079e+01, -4.084792e-01, -1.953020e+00, -2.901479e+01, -1.134416e+02, 2.860631e+01, 1.114886e+02
2.714948e+01, -4.130540e-01, -1.846525e+00, -2.952794e+01, -1.145855e+02, 2.911488e+01, 1.127390e+02
2.696937e+01, -4.125953e-01, -1.969577e+00, -2.883705e+01, -1.126426e+02, 2.842446e+01, 1.106730e+02
2.679046e+01, -4.663851e-01, -2.493289e+00, -2.708662e+01, -1.152275e+02, 2.662023e+01, 1.127342e+02
2.661274e+01, -3.459268e-01, -2.170210e+00, -2.876940e+01, -1.024961e+02, 2.842347e+01, 1.003259e+02
2.643619e+01, -3.987235e-01, -1.865261e+00, -2.944990e+01, -1.117805e+02, 2.905118e+01, 1.099152e+02
2.626082e+01, -4.005360e-01, -2.166110e+00, -2.874971e+01, -1.086752e+02, 2.834917e+01, 1.065091e+02
2.608661e+01, -3.859155e-01, -1.754772e+00, -2.945152e+01, -1.104536e+02, 2.906560e+01, 1.086988e+02
2.591355e+01, -4.171399e-01, -2.094345e+00, -2.816195e+01, -1.124792e+02, 2.774481e+01, 1.103849e+02
2.574165e+01, -3.849792e-01, -1.486730e+00, -3.076600e+01, -1.067430e+02, 3.038102e+01, 1.052563e+02
2.557088e+01, -3.749181e-01, -2.091134e+00, -2.845418e+01, -1.087381e+02, 2.807926e+01, 1.066470e+02
2.540125e+01, -4.023880e-01, -1.671188e+00, -2.998120e+01, -1.111011e+02, 2.957881e+01, 1.094299e+02
2.523274e+01, -3.802141e-01, -1.694437e+00, -3.094277e+01, -1.129071e+02, 3.056256e+01, 1.112127e+02
2.506535e+01, -4.016450e-01, -1.512815e+00, -3.106878e+01, -1.131295e+02, 3.066714e+01, 1.116167e+02
2.489907e+01, -4.293539e-01, -1.817586e+00, -2.899693e+01, -1.175018e+02, 2.856758e+01, 1.156842e+02
2.473389e+01, -3.762154e-01, -1.890531e+00, -3.033433e+01, -1.048565e+02, 2.995812e+01, 1.029659e+02
2.456981e+01, -3.651227e-01, -1.607749e+00, -3.122560e+01, -1.028569e+02, 3.086048e+01, 1.012492e+02
2.440682e+01, -4.227519e-01, -1.634230e+00, -3.011543e+01, -1.173282e+02, 2.969268e+01, 1.156939e+02
2.424491e+01, -3.862469e-01, -1.915366e+00, -3.028503e+01, -1.092454e+02, 2.989879e+01, 1.073300e+02
2.408407e+01, -3.618168e-01, -1.449095e+00, -3.209013e+01, -1.100648e+02, 3.172832e+01, 1.086157e+02
2.392430e+01, -3.977731e-01, -1.759034e+00, -3.007666e+01, -1.129294e+02, 2.967889e+01, 1.111704e+02
2.376559e+01, -3.853393e-01, -1.850946e+00, -2.977210e+01, -1.121811e+02, 2.938676e+01, 1.103301e+02
2.360793e+01, -4.222883e-01, -1.191054e+00, -3.216528e+01, -1.241468e+02, 3.174299e+01, 1.229557e+02
2.345132e+01, -3.627153e-01, -2.123439e+00, -2.888077e+01, -1.038815e+02, 2.851806e+01, 1.017581e+02
2.329575e+01, -4.017505e-01, -1.466642e+00, -3.203880e+01, -1.226515e+02, 3.163705e+01, 1.211849e+02
2.314121e+01, -3.891187e-01, -1.378705e+00, -3.200479e+01, -1.164163e+02, 3.161567e+01, 1.150376e+02
2.298769e+01, -3.867298e-01, -1.683356e+00, -3.032067e+01, -1.145613e+02, 2.993394e+01, 1.128780e+02
2.283519e+01, -4.445593e-01, -1.595735e+00, -2.987790e+01, -1.231155e+02, 2.943334e+01, 1.215197e+02
2.268371e+01, -3.607145e-01, -1.239280e+00, -3.254273e+01, -1.149500e+02, 3.218202e+01, 1.137107e+02
2.253323e+01, -4.137322e-01, -1.345822e+00, -3.077546e+01, -1.175310e+02, 3.036173e+01, 1.161852e+02
2.238374e+01, -3.980409e-01, -1.802129e+00, -3.050957e+01, -1.060581e+02, 3.011152e+01, 1.042559e+02
2.223525e+01, -4.206149e-01, -1.611642e+00, -3.080016e+01, -1.206542e+02, 3.037954e+01, 1.190426e+02
2.208775e+01, -3.960300e-01, -1.011308e+00, -3.303882e+01, -1.305636e+02, 3.264279e+01, 1.295523e+02
2.194122e+01, -3.339326e-01, -1.636008e+00, -3.076183e+01, -1.037597e+02, 3.042790e+01, 1.021237e+02
2.179567e+01, -4.069758e-01, -1.591605e+00, -3.056634e+01, -1.152607e+02, 3.015937e+01, 1.136691e+02
2.165108e+01, -3.796422e-01, -1.472928e+00, -3.152590e+01, -1.094022e+02, 3.114626e+01, 1.079293e+02
2.150745e+01, -3.898177e-01, -1.738983e+00, -2.987818e+01, -1.097300e+02, 2.948836e+01, 1.079910e+02
2.136477e+01, -4.023953e-01, -1.185766e+00, -3.225881e+01, -1.210446e+02, 3.185641e+01, 1.198589e+02
2.122304e+01, -3.739382e-01, -1.380609e+00, -3.123547e+01, -1.144605e+02, 3.086153e+01, 1.130798e+02
2.108225e+01, -4.340102e-01, -1.556705e+00, -3.067385e+01, -1.237368e+02, 3.023984e+01, 1.221801e+02
2.094239e+01, -3.620521e-01, -1.276502e+00, -3.334436e+01, -1.112819e+02, 3.298231e+01, 1.100054e+02
2.080346e+01, -3.628971e-01, -1.710820e+00, -3.000388e+01, -1.073363e+02, 2.964098e+01, 1.056254e+02
2.066545e+01, -3.906788e-01, -1.670128e+00, -3.000670e+01, -1.093173e+02, 2.961602e+01, 1.076472e+02
2.052836e+01, -3.958919e-01, -1.432908e+00, -3.122929e+01, -1.167124e+02, 3.083340e+01, 1.152795e+02
2.039218e+01, -4.053656e-01, -1.384691e+00, -3.085040e+01, -1.133459e+02, 3.044503e+01, 1.119612e+02
2.025690e+01, -4.007958e-01, -1.646110e+00, -3.035010e+01, -1.149842e+02, 2.994930e+01, 1.133381e+02
2.012252e+01, -4.159514e-01, -1.503025e+00, -3.044316e+01, -1.172896e+02, 3.002721e+01, 1.157866e+02
1.998903e+01, -3.765257e-01, -1.593698e+00, -3.211266e+01, -1.142301e+02, 3.173613e+01, 1.126364e+02
1.985643e+01, -3.523926e-01, -1.155898e+00, -3.287783e+01, -1.053400e+02, 3.252544e+01, 1.041841e+02
1.972470e+01, -3.610785e-01, -1.428612e+00, -3.152928e+01, -1.107534e+02, 3.116820e+01, 1.093248e+02
1.959385e+01, -3.748718e-01, -1.659038e+00, -3.029445e+01, -1.110763e+02, 2.991958e+01, 1.094172e+02
1.946387e+01, -3.472169e-01, -1.568338e+00, -3.170030e+01, -1.041739e+02, 3.135309e+01, 1.026055e+02
1.933475e+01, -3.796571e-01, -1.218520e+00, -3.334101e+01, -1.108647e+02, 3.296135e+01, 1.096462e+02
1.920648e+01, -3.603951e-01, -1.431886e+00, -3.240926e+01, -1.078889e+02, 3.204887e+01, 1.064570e+02
1.907907e+01, -3.645517e-01, -1.388537e+00, -3.244983e+01, -1.102683e+02, 3.208528e+01, 1.088798e+02
1.895250e+01, -4.322427e-01, -1.691692e+00, -3.050659e+01, -1.219805e+02, 3.007435e+01, 1.202888e+02
1.882677e+01, -4.173308e-01, -1.358823e+00, -3.115008e+01, -1.157810e+02, 3.073274e+01, 1.144222e+02
1.870188e+01, -4.195604e-01, -1.352662e+00, -3.174577e+01, -1.176015e+02, 3.132621e+01, 1.162488e+02
1.857781e+01, -3.966058e-01, -1.438566e+00, -3.120684e+01, -1.160668e+02, 3.081023e+01, 1.146282e+02
1.845457e+01, -3.927431e-01, -1.357492e+00, -3.195413e+01, -1.138883e+02, 3.156138e+01, 1.125308e+02
1.833215e+01, -3.716660e-01, -1.035336e+00, -3.450080e+01, -1.189088e+02, 3.412914e+01, 1.178734e+02
1.821053e+01, -4.114700e-01, -1.313827e+00, -3.132623e+01, -1.131090e+02, 3.091476e+01, 1.117951e+02
1.808973e+01, -3.831967e-01, -1.779664e+00, -3.063709e+01, -1.031380e+02, 3.025389e+01, 1.013584e+02
1.796972e+01, -3.877839e-01, -1.755154e+00, -3.054601e+01, -1.122888e+02, 3.015823e+01, 1.105337e+02
1.785051e+01, -4.031609e-01, -1.543344e+00, -3.078972e+01, -1.146562e+02, 3.038656e+01, 1.131129e+02
1.773210e+01, -4.410619e-01, -1.832795e+00, -2.952590e+01, -1.196359e+02, 2.908484e+01, 1.178031e+02
1.761446e+01, -3.956585e-01, -1.151277e+00, -3.226316e+01, -1.169817e+02, 3.186750e+01, 1.158304e+02
1.749761e+01, -3.971499e-01, -1.122358e+00, -3.335059e+01, -1.165756e+02, 3.295344e+01, 1.154533e+02
1.738153e+01, -4.370523e-01, -1.067207e+00, -3.221235e+01, -1.303964e+02, 3.177529e+01, 1.293292e+02
1.726623e+01, -4.304302e-01, -1.202993e+00, -3.146627e+01, -1.237343e+02, 3.103584e+01, 1.225313e+02
1.715169e+01, -4.233952e-01, -1.035936e+00, -3.356645e+01, -1.262364e+02, 3.314306e+01, 1.252005e+02
1.703790e+01, -4.157699e-01, -1.151807e+00, -3.262756e+01, -1.207627e+02, 3.221179e+01, 1.196109e+02
1.692488e+01, -4.198606e-01, -1.294314e+00, -3.220960e+01, -1.210634e+02, 3.178973e+01, 1.197691e+02
1.681260e+01, -3.965669e-01, -1.216091e+00, -3.209210e+01, -1.132656e+02, 3.169553e+01, 1.120495e+02
1.670107e+01, -4.112260e-01, -8.517098e-01, -3.404545e+01, -1.216507e+02, 3.363422e+01, 1.207990e+02
1.659027e+01, -4.388009e-01, -1.381156e+00, -3.218608e+01, -1.261710e+02, 3.174728e+01, 1.247898e+02
1.648022e+01, -4.139497e-01, -1.281474e+00, -3.253023e+01, -1.198726e+02, 3.211628e+01, 1.185911e+02
1.637089e+01, -3.981743e-01, -1.182296e+00, -3.317487e+01, -1.172081e+02, 3.277670e+01, 1.160258e+02
1.626229e+01, -4.555072e-01, -1.466844e+00, -3.023042e+01, -1.220739e+02, 2.977492e+01, 1.206071e+02
1.615441e+01, -3.941187e-01, -1.366185e+00, -3.201420e+01, -1.112935e+02, 3.162008e+01, 1.099273e+02
1.604724e+01, -4.367111e-01, -1.477600e+00, -3.056542e+01, -1.201644e+02, 3.012871e+01, 1.186868e+02
1.594078e+01, -4.363775e-01, -1.635428e+00, -3.007386e+01, -1.166784e+02, 2.963748e+01, 1.150429e+02
1.583504e+01, -3.736580e-01, -1.528842e+00, -3.159378e+01, -1.117764e+02, 3.122013e+01, 1.102476e+02
1.572999e+01, -4.478281e-01, -1.285922e+00, -3.068053e+01, -1.246047e+02, 3.023271e+01, 1.233188e+02
1.562564e+01, -3.868659e-01, -1.266510e+00, -3.193050e+01, -1.129429e+02, 3.154364e+01, 1.116764e+02
1.552198e+01, -4.609772e-01, -7.439833e-01, -3.349611e+01, -1.414802e+02, 3.303514e+01, 1.407362e+02
1.541901e+01, -4.274656e-01, -1.030308e+00, -3.279360e+01, -1.230116e+02, 3.236614e+01, 1.219813e+02
1.531672e+01, -3.815577e-01, -1.048106e+00, -3.514178e+01, -1.136997e+02, 3.476023e+01, 1.126516e+02
1.521511e+01, -4.524179e-01, -7.443485e-01, -3.437514e+01, -1.434433e+02, 3.392273e+01, 1.426990e+02
1.511418e+01, -4.089641e-01, -9.307133e-01, -3.537765e+01, -1.210230e+02, 3.496869e+01, 1.200923e+02
1.501391e+01, -4.158028e-01, -6.452151e-01, -3.550142e+01, -1.348458e+02, 3.508562e+01, 1.342006e+02
1.491431e+01, -3.698920e-01, -1.000592e+00, -3.460190e+01, -1.095425e+02, 3.423200e+01, 1.085419e+02
1.481537e+01, -3.807773e-01, -6.595137e-01, -3.623649e+01, -1.239395e+02, 3.585572e+01, 1.232800e+02
1.471709e+01, -3.791544e-01, -9.328883e-01, -3.460949e+01, -1.180984e+02, 3.423034e+01, 1.171655e+02
1.461946e+01, -4.448159e-01, -8.358106e-01, -3.377849e+01, -1.319780e+02, 3.333367e+01, 1.311422e+02
1.452247e+01, -3.356300e-01, -5.931038e-01, -3.873969e+01, -1.169129e+02, 3.840406e+01, 1.163198e+02
1.442613e+01, -3.539684e-01, -1.071908e+00, -3.389617e+01, -1.144079e+02, 3.354220e+01, 1.133360e+02
1.433043e+01, -4.022393e-01, -1.017711e+00, -3.273485e+01, -1.244666e+02, 3.233261e+01, 1.234489e+02
1.423537e+01, -4.062467e-01, -9.052169e-01, -3.454757e+01, -1.308554e+02, 3.414133e+01, 1.299501e+02
1.414093e+01, -3.778643e-01, -9.025409e-01, -3.453128e+01, -1.263282e+02, 3.415342e+01, 1.254256e+02
1.404712e+01, -4.036468e-01, -7.397179e-01, -3.494072e+01, -1.332443e+02, 3.453707e+01, 1.325046e+02
1.395394e+01, -4.113561e-01, -9.362775e-01, -3.409604e+01, -1.287717e+02, 3.368468e+01, 1.278354e+02
1.386137e+01, -3.803204e-01, -1.059499e+00, -3.427785e+01, -1.130093e+02, 3.389753e+01, 1.119498e+02
1.376941e+01, -4.346964e-01, -1.092063e+00, -3.279796e+01, -1.331788e+02, 3.236327e+01, 1.320867e+02
1.367807e+01, -4.316281e-01, -9.113214e-01, -3.351972e+01, -1.328265e+02, 3.308810e+01, 1.319152e+02
1.358733e+01, -3.927180e-01, -8.575786e-01, -3.594857e+01, -1.354684e+02, 3.555586e+01, 1.346109e+02
1.349719e+01, -3.919715e-01, -9.058403e-01, -3.544478e+01, -1.260051e+02, 3.505281e+01, 1.250992e+02
1.340766e+01, -4.410216e-01, -1.092074e+00, -3.201726e+01, -1.334370e+02, 3.157623e+01, 1.323450e+02
1.331871e+01, -4.192919e-01, -1.015605e+00, -3.281253e+01, -1.255702e+02, 3.239324e+01, 1.245546e+02
1.323036e+01, -4.069422e-01, -9.548463e-01, -3.271138e+01, -1.273523e+02, 3.230444e+01, 1.263974e+02
1.314259e+01, -3.921480e-01, -1.120947e+00, -3.300109e+01, -1.208254e+02, 3.260894e+01, 1.197044e+02
1.305540e+01, -4.185801e-01, -1.128345e+00, -3.351291e+01, -1.231618e+02, 3.309433e+01, 1.220335e+02
1.296879e+01, -4.576043e-01, -1.166222e+00, -3.131231e+01, -1.306448e+02, 3.085470e+01, 1.294786e+02
1.288276e+01, -4.586002e-01, -1.098637e+00, -3.138068e+01, -1.269503e+02, 3.092208e+01, 1.258517e+02
1.279730e+01, -4.284026e-01, -9.548665e-01, -3.347484e+01, -1.362827e+02, 3.304644e+01, 1.353279e+02
1.271240e+01, -4.410952e-01, -9.977777e-01, -3.339623e+01, -1.355307e+02, 3.295513e+01, 1.345329e+02
1.262807e+01, -4.062560e-01, -1.144515e+00, -3.382570e+01, -1.240894e+02, 3.341945e+01, 1.229449e+02
1.254430e+01, -3.796205e-01, -1.107987e+00, -3.390842e+01, -1.188681e+02, 3.352880e+01, 1.177601e+02
1.246108e+01, -3.719761e-01, -9.568405e-01, -3.446893e+01, -1.147770e+02, 3.409696e+01, 1.138202e+02
1.237842e+01, -4.368045e-01, -8.141493e-01, -3.356569e+01, -1.411395e+02, 3.312888e+01, 1.403253e+02
1.229630e+01, -4.236331e-01, -1.092465e+00, -3.254153e+01, -1.276292e+02, 3.211790e+01, 1.265367e+02
1.221473e+01, -3.768401e-01, -9.724923e-01, -3.551284e+01, -1.139296e+02, 3.513600e+01, 1.129571e+02
1.213370e+01, -3.809736e-01, -8.758507e-01, -3.556403e+01, -1.256961e+02, 3.518306e+01, 1.248203e+02
1.205320e+01, -4.089607e-01, -7.142533e-01, -3.450357e+01, -1.310504e+02, 3.409461e+01, 1.303361e+02
1.197324e+01, -4.368553e-01, -1.179350e+00, -3.324683e+01, -1.252088e+02, 3.280998e+01, 1.240294e+02
1.189381e+01, -4.121125e-01, -1.343169e+00, -3.255151e+01, -1.109122e+02, 3.213940e+01, 1.095691e+02
1.181491e+01, -4.215527e-01, -7.222522e-01, -3.449037e+01, -1.332704e+02, 3.406881e+01, 1.325482e+02
1.173653e+01, -3.375495e-01, -6.679664e-01, -3.668655e+01, -1.129255e+02, 3.634900e+01, 1.122575e+02
1.165868e+01, -3.884284e-01, -1.038939e+00, -3.383635e+01, -1.263449e+02, 3.344792e+01, 1.253059e+02
1.158133e+01, -4.316526e-01, -8.421864e-01, -3.371611e+01, -1.343221e+02, 3.328446e+01, 1.334799e+02
1.150450e+01, -4.103952e-01, -4.320242e-01, -3.694719e+01, -1.525384e+02, 3.653679e+01, 1.521064e+02
1.142819e+01, -4.061965e-01, -7.292961e-01, -3.542610e+01, -1.337707e+02, 3.501990e+01, 1.330414e+02
1.135237e+01, -3.721733e-01, -6.427207e-01, -3.798881e+01, -1.227557e+02, 3.761663e+01, 1.221130e+02
1.127706e+01, -4.273240e-01, -3.445361e-01, -3.553586e+01, -1.497511e+02, 3.510853e+01, 1.494066e+02
1.120225e+01, -4.279359e-01, -6.316182e-01, -3.441566e+01, -1.408956e+02, 3.398772e+01, 1.402639e+02
1.112794e+01, -3.518416e-01, -6.120283e-01, -3.731656e+01, -1.311303e+02, 3.696472e+01, 1.305183e+02
1.105412e+01, -3.900974e-01, -7.155957e-01, -3.683310e+01, -1.381182e+02, 3.644301e+01, 1.374026e+02
1.098079e+01, -3.961073e-01, -1.150693e+00, -3.288316e+01, -1.256610e+02, 3.248705e+01, 1.245103e+02
1.090794e+01, -4.191340e-01, -6.267927e-01, -3.500042e+01, -1.475769e+02, 3.458128e+01, 1.469501e+02
1.083558e+01, -3.315301e-01, -4.186586e-01, -4.066896e+01, -1.278510e+02, 4.033743e+01, 1.274323e+02
1.076370e+01, -4.043509e-01, -1.096927e+00, -3.351697e+01, -1.242685e+02, 3.311262e+01, 1.231715e+02
1.069229e+01, -4.164140e-01, -1.028729e+00, -3.326900e+01, -1.306584e+02, 3.285259e+01, 1.296296e+02
1.062136e+01, -3.641684e-01, -1.062158e+00, -3.416392e+01, -1.160392e+02, 3.379975e+01, 1.149771e+02
1.055090e+01, -4.034501e-01, -1.142931e+00, -3.287634e+01, -1.238119e+02, 3.247289e+01, 1.226689e+02
1.048091e+01, -4.292652e-01, -7.863870e-02, -3.639397e+01, -1.589304e+02, 3.596471e+01, 1.588517e+02
1.041138e+01, -3.947309e-01, -3.278270e-01, -3.812389e+01, -1.534561e+02, 3.772916e+01, 1.531283e+02
1.034231e+01, -3.205090e-01, -8.276215e-01, -3.714582e+01, -1.147473e+02, 3.682531e+01, 1.139197e+02
1.027370e+01, -3.928809e-01, -5.525218e-01, -3.790406e+01, -1.327633e+02, 3.751118e+01, 1.322108e+02
1.020555e+01, -4.072748e-01, -7.606072e-01, -3.426314e+01, -1.367245e+02, 3.385587e+01, 1.359638e+02
1.013784e+01, -4.058569e-01, -1.532358e+00, -3.091029e+01, -1.142245e+02, 3.050443e+01, 1.126921e+02
1.007059e+01, -4.085436e-01, -1.025269e+00, -3.310242e+01, -1.297485e+02, 3.269388e+01, 1.287232e+02
1.000378e+01, -4.486671e-01, -5.154147e-01, -3.456742e+01, -1.569434e+02, 3.411875e+01, 1.564280e+02
9.937421e+00, -3.893023e-01, -6.379790e-01, -3.722842e+01, -1.318495e+02, 3.683912e+01, 1.312116e+02
9.871497e+00, -4.113999e-01, -5.661764e-01, -3.493943e+01, -1.415156e+02, 3.452803e+01, 1.409494e+02
9.806011e+00, -3.930233e-01, -7.202364e-01, -3.722789e+01, -1.411708e+02, 3.683486e+01, 1.404506e+02
9.740960e+00, -3.768970e-01, -5.354033e-01, -3.753346e+01, -1.320538e+02, 3.715656e+01, 1.315184e+02
9.676339e+00, -4.318479e-01, -1.004631e+00, -3.304568e+01, -1.304536e+02, 3.261384e+01, 1.294489e+02
9.612148e+00, -3.973763e-01, -1.054376e+00, -3.349556e+01, -1.226142e+02, 3.309818e+01, 1.215598e+02
9.548382e+00, -4.306718e-01, -8.155740e-01, -3.303962e+01, -1.383901e+02, 3.260895e+01, 1.375745e+02
9.485040e+00, -3.850897e-01, -6.488629e-01, -3.563598e+01, -1.298319e+02, 3.525089e+01, 1.291830e+02
9.422117e+00, -3.830156e-01, -8.182594e-01, -3.516572e+01, -1.172931e+02, 3.478270e+01, 1.164749e+02
9.359612e+00, -4.290269e-01, -6.644959e-01, -3.474578e+01, -1.359154e+02, 3.431676e+01, 1.352509e+02
9.297522e+00, -4.327581e-01, -5.871569e-01, -3.467680e+01, -1.416298e+02, 3.424404e+01, 1.410426e+02
9.235843e+00, -4.131557e-01, -4.199704e-01, -3.599925e+01, -1.460014e+02, 3.558609e+01, 1.455814e+02
9.174574e+00, -4.327252e-01, -7.382675e-01, -3.586244e+01, -1.392621e+02, 3.542971e+01, 1.385238e+02
9.113711e+00, -4.316423e-01, -4.981832e-01, -3.584230e+01, -1.490942e+02, 3.541066e+01, 1.485960e+02
9.053252e+00, -4.206623e-01, -9.049800e-01, -3.407111e+01, -1.356818e+02, 3.365045e+01, 1.347768e+02
8.993194e+00, -4.447660e-01, -5.724222e-01, -3.392849e+01, -1.488328e+02, 3.348372e+01, 1.482604e+02
8.933534e+00, -3.833845e-01, -4.156064e-01, -3.867575e+01, -1.512731e+02, 3.829237e+01, 1.508575e+02
8.874271e+00, -4.029647e-01, -3.637329e-01, -3.725532e+01, -1.477433e+02, 3.685236e+01, 1.473796e+02
8.815400e+00, -3.890154e-01, -6.712849e-01, -3.789401e+01, -1.376196e+02, 3.750499e+01, 1.369483e+02
8.756920e+00, -3.962980e-01, -7.028756e-01, -3.503932e+01, -1.284771e+02, 3.464303e+01, 1.277742e+02
8.698828e+00, -4.220794e-01, -8.174895e-01, -3.572335e+01, -1.348358e+02, 3.530127e+01, 1.340183e+02
8.641121e+00, -4.028482e-01, -7.743590e-01, -3.494375e+01, -1.347017e+02, 3.454090e+01, 1.339273e+02
8.583797e+00, -4.376035e-01, -6.145445e-01, -3.541646e+01, -1.435682e+02, 3.497886e+01, 1.429536e+02
8.526853e+00, -4.280795e-01, -4.639085e-01, -3.646103e+01, -1.517916e+02, 3.603295e+01, 1.513277e+02
8.470287e+00, -3.853647e-01, -5.445737e-01, -3.725092e+01, -1.360466e+02, 3.686555e+01, 1.355021e+02
8.414096e+00, -4.200453e-01, -7.640090e-01, -3.454665e+01, -1.321752e+02, 3.412660e+01, 1.314112e+02
8.358278e+00, -3.900495e-01, -9.022472e-01, -3.536072e+01, -1.244883e+02, 3.497067e+01, 1.235860e+02
8.302831e+00, -4.240089e-01, -7.735916e-01, -3.420214e+01, -1.375799e+02, 3.377813e+01, 1.368063e+02
8.247751e+00, -3.996517e-01, -7.197127e-01, -3.629045e+01, -1.342032e+02, 3.589080e+01, 1.334835e+02
8.193037e+00, -3.986950e-01, -6.358942e-01, -3.736248e+01, -1.396386e+02, 3.696378e+01, 1.390027e+02
8.138685e+00, -3.821838e-01, -4.651912e-01, -3.790490e+01, -1.270337e+02, 3.752271e+01, 1.265685e+02
8.084694e+00, -3.746206e-01, -3.990687e-01, -3.984306e+01, -1.473628e+02, 3.946844e+01, 1.469637e+02
8.031061e+00, -3.564246e-01, -3.078031e-01, -3.910944e+01, -1.359110e+02, 3.875302e+01, 1.356032e+02
7.977784e+00, -3.963440e-01, -8.111051e-01, -3.511805e+01, -1.388085e+02, 3.472171e+01, 1.379974e+02
7.924861e+00, -4.026970e-01, -7.500044e-01, -3.452843e+01, -1.363563e+02, 3.412574e+01, 1.356063e+02
7.872289e+00, -4.005479e-01, -8.407301e-01, -3.459811e+01, -1.250063e+02, 3.419756e+01, 1.241655e+02
7.820065e+00, -3.986993e-01, -9.547211e-01, -3.579638e+01, -1.282387e+02, 3.539768e+01, 1.272840e+02
7.768188e+00, -3.796389e-01, -6.761773e-01, -3.612246e+01, -1.317554e+02, 3.574282e+01, 1.310793e+02
7.716655e+00, -4.417310e-01, -5.637839e-01, -3.598593e+01, -1.398547e+02, 3.554420e+01, 1.392910e+02
7.665463e+00, -3.992371e-01, -4.352205e-01, -3.901127e+01, -1.424567e+02, 3.861204e+01, 1.420215e+02
7.614612e+00, -4.012489e-01, -4.367258e-01, -3.764579e+01, -1.502105e+02, 3.724454e+01, 1.497737e+02
7.564097e+00, -4.197347e-01, -5.609552e-01, -3.565443e+01, -1.442620e+02, 3.523470e+01, 1.437010e+02
7.513918e+00, -4.128047e-01, -3.846665e-01, -3.572337e+01, -1.515460e+02, 3.531056e+01, 1.511613e+02
7.464072e+00, -3.992626e-01, -3.606636e-01, -3.699637e+01, -1.565100e+02, 3.659711e+01, 1.561494e+02
7.414556e+00, -3.957541e-01, -5.939296e-01, -3.636770e+01, -1.379699e+02, 3.597194e+01, 1.373760e+02
7.365369e+00, -4.063237e-01, -4.983246e-01, -3.666912e+01, -1.397075e+02, 3.626280e+01, 1.392092e+02
7.316508e+00, -3.977696e-01, -3.342561e-01, -3.614141e+01, -1.458520e+02, 3.574364e+01, 1.455177e+02
7.267972e+00, -4.077432e-01, -1.628136e-01, -3.741591e+01, -1.576370e+02, 3.700816e+01, 1.574741e+02
7.219757e+00, -3.935076e-01, -1.729771e-01, -3.854210e+01, -1.620609e+02, 3.814859e+01, 1.618879e+02
7.171862e+00, -3.907798e-01, -6.357798e-01, -3.558056e+01, -1.311850e+02, 3.518978e+01, 1.305492e+02
7.124285e+00, -3.721123e-01, -7.200860e-01, -3.659100e+01, -1.302932e+02, 3.621889e+01, 1.295731e+02
7.077023e+00, -4.019482e-01, -6.090193e-01, -3.602034e+01, -1.440252e+02, 3.561840e+01, 1.434162e+02
7.030075e+00, -4.096544e-01, -6.755870e-01, -3.536133e+01, -1.289780e+02, 3.495167e+01, 1.283024e+02
6.983439e+00, -3.928800e-01, -4.559308e-01, -3.733814e+01, -1.341838e+02, 3.694526e+01, 1.337279e+02
6.937112e+00, -3.901743e-01, -3.628824e-01, -3.802681e+01, -1.554551e+02, 3.763663e+01, 1.550922e+02
6.891092e+00, -4.164562e-01, -4.624368e-01, -3.781609e+01, -1.565701e+02, 3.739963e+01, 1.561077e+02
6.845377e+00, -4.468086e-01, -7.820013e-01, -3.404135e+01, -1.395351e+02, 3.359454e+01, 1.387531e+02
6.799966e+00, -3.832951e-01, -3.762379e-01, -3.708630e+01, -1.414427e+02, 3.670301e+01, 1.410664e+02
6.754856e+00, -3.951807e-01, -1.556029e-01, -3.741313e+01, -1.560316e+02, 3.701795e+01, 1.558760e+02
6.710045e+00, -4.305065e-01, -3.296751e-01, -3.639321e+01, -1.642859e+02, 3.596271e+01, 1.639562e+02
6.665532e+00, -3.779744e-01, -3.314492e-01, -3.934655e+01, -1.374237e+02, 3.896857e+01, 1.370922e+02
6.621314e+00, -4.270283e-01, -2.300314e-01, -3.723152e+01, -1.611613e+02, 3.680449e+01, 1.609313e+02
6.577389e+00, -4.039644e-01, -3.729938e-01, -3.612200e+01, -1.558250e+02, 3.571804e+01, 1.554520e+02
6.533755e+00, -3.790230e-01, -4.834762e-01, -3.876907e+01, -1.317111e+02, 3.839005e+01, 1.312276e+02
6.490411e+00, -4.216752e-01, -4.166437e-01, -3.706279e+01, -1.543135e+02, 3.664112e+01, 1.538969e+02
6.447355e+00, -4.108291e-01, -5.468351e-01, -3.539005e+01, -1.497798e+02, 3.497922e+01, 1.492330e+02
6.404584e+00, -3.799748e-01, -7.544877e-01, -3.622608e+01, -1.339326e+02, 3.584610e+01, 1.331781e+02
6.362097e+00, -3.869405e-01, -2.518857e-01, -3.877849e+01, -1.494010e+02, 3.839155e+01, 1.491491e+02
6.319891e+00, -4.244292e-01, -3.313670e-01, -3.641346e+01, -1.626818e+02, 3.598903e+01, 1.623504e+02
6.277966e+00, -3.996734e-01, -5.172701e-01, -3.755566e+01, -1.380493e+02, 3.715599e+01, 1.375320e+02
6.236319e+00, -4.406433e-01, -5.449208e-01, -3.512331e+01, -1.521322e+02, 3.468266e+01, 1.515873e+02
6.194948e+00, -3.949090e-01, -1.033397e+00, -3.352115e+01, -1.244450e+02, 3.312624e+01, 1.234116e+02
6.153852e+00, -4.115364e-01, -6.524225e-01, -3.513592e+01, -1.454950e+02, 3.472438e+01, 1.448425e+02
6.113028e+00, -3.867850e-01, -3.775573e-01, -3.684322e+01, -1.330895e+02, 3.645644e+01, 1.327120e+02
6.072475e+00, -3.973518e-01, 2.551662e-01, -3.839997e+01, 1.589963e+02, 3.800262e+01, -1.587411e+02
6.032191e+00, -4.363926e-01, -2.734142e-01, -3.525918e+01, -1.577525e+02, 3.482278e+01, 1.574791e+02
5.992174e+00, -3.886169e-01, -7.131039e-02, -4.275881e+01, -1.752388e+02, 4.237019e+01, 1.751675e+02
5.952423e+00, -4.192735e-01, -8.528180e-01, -3.347268e+01, -1.342826e+02, 3.305341e+01, 1.334298e+02
5.912936e+00, -3.857881e-01, -6.687756e-01, -3.623596e+01, -1.395877e+02, 3.585017e+01, 1.389189e+02
5.873710e+00, -3.884803e-01, -2.361575e-01, -4.160246e+01, -1.671088e+02, 4.121398e+01, 1.668727e+02
5.834745e+00, -4.142903e-01, 1.014273e-01, -3.652083e+01, 1.782155e+02, 3.610654e+01, -1.781141e+02
5.796038e+00, -4.033821e-01, -6.044998e-01, -3.566542e+01, -1.433677e+02, 3.526204e+01, 1.427632e+02
5.757588e+00, -3.331414e-01, -5.102298e-01, -4.151837e+01, -1.122900e+02, 4.118523e+01, 1.117798e+02
5.719393e+00, -3.945673e-01, 4.002745e-02, -3.829121e+01, 1.702252e+02, 3.789665e+01, -1.701852e+02
5.681451e+00, -4.278848e-01, -2.793058e-01, -3.536202e+01, -1.521671e+02, 3.493414e+01, 1.518878e+02
5.643761e+00, -4.018073e-01, -1.386311e+00, -3.211795e+01, -1.216001e+02, 3.171614e+01, 1.202138e+02
5.606321e+00, -3.425786e-01, 6.471326e-01, -3.806136e+01, 1.188942e+02, 3.771878e+01, -1.182471e+02
5.569129e+00, -4.356432e-01, -5.956203e-01, -3.510761e+01, -1.514701e+02, 3.467197e+01, 1.508745e+02
5.532185e+00, -4.272776e-01, -1.081165e+00, -3.302518e+01, -1.321317e+02, 3.259790e+01, 1.310505e+02
5.495485e+00, -3.704653e-01, -2.740223e-01, -4.043755e+01, -1.523695e+02, 4.006709e+01, 1.520955e+02
5.459029e+00, -4.092628e-01, -1.169594e-01, -3.692497e+01, -1.673968e+02, 3.651571e+01, 1.672799e+02
5.422814e+00, -4.306748e-01, -3.874492e-01, -3.569834e+01, -1.498320e+02, 3.526767e+01, 1.494446e+02
5.386840e+00, -3.492535e-01, 1.049161e-01, -4.251358e+01, 1.494446e+02, 4.216433e+01, -1.493397e+02
5.351104e+00, -4.119551e-01, -2.623515e-01, -3.733088e+01, -1.652577e+02, 3.691893e+01, 1.649953e+02
5.315606e+00, -3.832792e-01, -9.516847e-01, -3.545649e+01, -1.223983e+02, 3.507321e+01, 1.214466e+02
5.280343e+00, -3.895298e-01, -2.204363e-01, -3.851929e+01, -1.610395e+02, 3.812976e+01, 1.608191e+02
5.245314e+00, -4.543833e-01, -6.185714e-01, -3.499643e+01, -1.558717e+02, 3.454205e+01, 1.552532e+02
5.210517e+00, -3.486119e-01, -5.959666e-01, -4.013025e+01, -1.253964e+02, 3.978164e+01, 1.248005e+02
5.175951e+00, -4.236112e-01, -3.133523e-01, -3.632233e+01, -1.552115e+02, 3.589872e+01, 1.548982e+02
5.141615e+00, -4.243274e-01, -4.842910e-01, -3.466135e+01, -1.453410e+02, 3.423702e+01, 1.448567e+02
5.107506e+00, -3.687635e-01, 2.689850e-01, -4.231211e+01, 1.701261e+02, 4.194334e+01, -1.698571e+02
5.073624e+00, -3.859315e-01, -1.245951e-01, -3.807399e+01, -1.698556e+02, 3.768806e+01, 1.697310e+02
5.039966e+00, -3.851225e-01, -6.540056e-01, -3.523561e+01, -1.336188e+02, 3.485049e+01, 1.329648e+02
5.006531e+00, -4.494943e-01, -6.287913e-01, -3.438393e+01, -1.509494e+02, 3.393444e+01, 1.503206e+02
4.973319e+00, -4.054327e-01, -5.058946e-01, -3.766222e+01, -1.472081e+02, 3.725679e+01, 1.467022e+02
4.940326e+00, -3.840402e-01, -3.829662e-01, -3.932047e+01, -1.467459e+02, 3.893643e+01, 1.463629e+02
4.907553e+00, -3.663965e-01, -8.680146e-01, -3.556864e+01, -1.174986e+02, 3.520224e+01, 1.166306e+02
4.874997e+00, -4.189835e-01, -3.424154e-01, -3.688470e+01, -1.678751e+02, 3.646572e+01, 1.675327e+02
4.842657e+00, -4.280258e-01, -5.406764e-01, -3.570559e+01, -1.500063e+02, 3.527757e+01, 1.494657e+02
4.810531e+00, -4.529382e-01, -1.629581e-01, -3.445474e+01, -1.773987e+02, 3.400180e+01, 1.772358e+02
4.778619e+00, -3.775842e-01, -1.376195e-01, -4.086957e+01, -1.672589e+02, 4.049198e+01, 1.671213e+02
4.746918e+00, -3.614196e-01, -1.206587e-01, -4.163521e+01, -1.772430e+02, 4.127379e+01, 1.771223e+02
4.715428e+00, -3.501203e-01, 9.992687e-03, -4.468998e+01, -1.793882e+02, 4.433986e+01, 1.793982e+02
4.684146e+00, -3.800885e-01, -8.969008e-01, -3.486458e+01, -1.214985e+02, 3.448449e+01, 1.206016e+02
4.653072e+00, -4.161918e-01, -7.736937e-01, -3.505678e+01, -1.368381e+02, 3.464059e+01, 1.360644e+02
4.622205e+00, -4.590121e-01, -3.373247e-01, -3.505178e+01, -1.574202e+02, 3.459276e+01, 1.570829e+02
4.591542e+00, -3.777685e-01, -1.494131e-01, -3.983220e+01, -1.765995e+02, 3.945443e+01, 1.764501e+02
4.561082e+00, -4.536695e-01, -7.816328e-01, -3.356190e+01, -1.448319e+02, 3.310823e+01, 1.440503e+02
4.530824e+00, -4.140690e-01, -2.798369e-01, -3.693989e+01, -1.604950e+02, 3.652582e+01, 1.602152e+02
4.500767e+00, -4.095365e-01, -8.186015e-01, -3.427567e+01, -1.292499e+02, 3.386613e+01, 1.284313e+02
4.470910e+00, -4.699797e-01, -1.909586e-01, -3.425983e+01, -1.665698e+02, 3.378985e+01, 1.663788e+02
4.441251e+00, -4.098759e-01, 4.225763e-01, -3.690893e+01, 1.527772e+02, 3.649905e+01, -1.523546e+02
4.411788e+00, -4.348058e-01, -4.238303e-01, -3.555039e+01, -1.648433e+02, 3.511558e+01, 1.644194e+02
4.382521e+00, -4.962451e-01, -3.318532e-01, -3.245193e+01, -1.693410e+02, 3.195569e+01, 1.690092e+02
4.353448e+00, -3.778966e-01, 2.857666e-01, -3.911951e+01, 1.666943e+02, 3.874161e+01, -1.664086e+02
4.324568e+00, -4.038006e-01, -7.870786e-01, -3.453346e+01, -1.447114e+02, 3.412966e+01, 1.439243e+02
4.295879e+00, -4.698870e-01, 1.062067e-01, -3.362089e+01, 1.702787e+02, 3.315101e+01, -1.701724e+02
4.267381e+00, -3.914053e-01, -2.276123e-02, -4.019992e+01, -1.790377e+02, 3.980852e+01, 1.790150e+02
4.239072e+00, -3.534037e-01, -4.456270e-01, -3.799572e+01, -1.296180e+02, 3.764232e+01, 1.291724e+02
4.210950e+00, -4.244186e-01, -3.736553e-01, -3.676214e+01, -1.598889e+02, 3.633772e+01, 1.595152e+02
4.183015e+00, -3.818108e-01, -4.800009e-01, -3.619014e+01, -1.441216e+02, 3.580833e+01, 1.436416e+02
4.155266e+00, -3.794398e-01, -7.934549e-01, -3.525507e+01, -1.218896e+02, 3.487563e+01, 1.210961e+02
4.127700e+00, -4.070086e-01, -9.065960e-01, -3.449069e+01, -1.285764e+02, 3.408368e+01, 1.276698e+02
4.100318e+00, -4.188496e-01, -4.253774e-01, -3.686928e+01, -1.565844e+02, 3.645043e+01, 1.561590e+02
4.073117e+00, -4.103180e-01, -3.430929e-01, -3.700751e+01, -1.521218e+02, 3.659719e+01, 1.517787e+02
4.046096e+00, -3.949381e-01, 3.759832e-01, -3.869192e+01, 1.473892e+02, 3.829698e+01, -1.470132e+02
4.019255e+00, -3.695077e-01, -1.849358e-01, -4.508556e+01, -1.584778e+02, 4.471605e+01, 1.582928e+02
3.992592e+00, -3.900654e-01, -1.174020e+00, -3.255394e+01, -1.147389e+02, 3.216387e+01, 1.135649e+02
3.966106e+00, -4.477498e-01, -6.496786e-01, -3.373822e+01, -1.481153e+02, 3.329047e+01, 1.474656e+02
3.939795e+00, -4.278436e-01, 5.209556e-01, -3.558039e+01, 1.471394e+02, 3.515255e+01, -1.466185e+02
3.913659e+00, -3.816929e-01, 3.602490e-01, -3.891919e+01, 1.362976e+02, 3.853749e+01, -1.359373e+02
3.887696e+00, -4.093748e-01, -2.385146e+00, -2.725866e+01, -1.064217e+02, 2.684928e+01, 1.040366e+02
3.861906e+00, -3.430466e-01, -9.843371e-01, -3.472433e+01, -1.052186e+02, 3.438128e+01, 1.042343e+02
3.836286e+00, -3.905038e-01, -2.934315e-01, -3.966768e+01, -1.729076e+02, 3.927717e+01, 1.726142e+02
3.810837e+00, -4.413137e-01, -1.203696e+00, -3.159525e+01, -1.235171e+02, 3.115393e+01, 1.223134e+02
3.785556e+00, -4.342165e-01, -4.093547e-01, -3.493218e+01, -1.426618e+02, 3.449796e+01, 1.422524e+02
3.760444e+00, -4.282550e-01, 4.651201e-01, -3.590144e+01, 1.509247e+02, 3.547319e+01, -1.504596e+02
3.735497e+00, -4.255905e-01, -7.485103e-01, -3.473689e+01, -1.389665e+02, 3.431130e+01, 1.382179e+02
3.710717e+00, -4.431191e-01, 5.675655e-01, -3.354574e+01, 1.525213e+02, 3.310262e+01, -1.519538e+02
3.686100e+00, -4.271723e-01, -5.260378e-01, -3.540274e+01, -1.532277e+02, 3.497557e+01, 1.527016e+02
3.661647e+00, -3.778250e-01, 2.679884e-01, -3.970873e+01, 1.496589e+02, 3.933091e+01, -1.493909e+02
3.637356e+00, -3.598057e-01, 4.948087e-01, -3.972567e+01, 1.319319e+02, 3.936586e+01, -1.314371e+02
3.613227e+00, -4.757614e-01, -5.234754e-01, -3.414253e+01, -1.555760e+02, 3.366677e+01, 1.550525e+02
3.589257e+00, -3.754765e-01, -1.926886e-01, -4.084002e+01, -1.287150e+02, 4.046455e+01, 1.285224e+02
3.565446e+00, -4.083766e-01, -1.918194e-01, -3.778784e+01, -1.628803e+02, 3.737947e+01, 1.626885e+02
3.541794e+00, -3.285576e-01, 4.768900e-01, -3.961573e+01, 1.112243e+02, 3.928718e+01, -1.107474e+02
3.518298e+00, -4.401857e-01, -8.144854e-02, -3.649162e+01, -1.711150e+02, 3.605143e+01, 1.710336e+02
3.494958e+00, -4.049101e-01, -1.183299e+00, -3.258503e+01, -1.226706e+02, 3.218012e+01, 1.214873e+02
3.471773e+00, -4.590162e-01, -5.670595e-02, -3.523923e+01, -1.716169e+02, 3.478022e+01, 1.715601e+02
3.448742e+00, -3.820257e-01, 4.631380e-02, -4.038800e+01, 1.768342e+02, 4.000597e+01, -1.767879e+02
3.425863e+00, -4.142626e-01, -5.911977e-01, -3.627043e+01, -1.479753e+02, 3.585616e+01, 1.473841e+02
3.403136e+00, -4.108381e-01, -1.351145e+00, -3.212750e+01, -1.220503e+02, 3.171666e+01, 1.206991e+02
3.380561e+00, -4.296855e-01, -2.818936e-01, -3.713649e+01, -1.652767e+02, 3.670680e+01, 1.649949e+02
3.358134e+00, -3.544845e-01, -1.907880e-02, -4.671470e+01, 1.761979e+02, 4.636021e+01, -1.762169e+02
3.335857e+00, -4.625781e-01, -4.977664e-01, -3.385647e+01, -1.515847e+02, 3.339390e+01, 1.510869e+02
3.313727e+00, -4.959409e-01, -3.850495e-01, -3.184043e+01, -1.700799e+02, 3.134449e+01, 1.696948e+02
3.291745e+00, -3.808525e-01, -2.568566e-01, -3.969900e+01, -1.522368e+02, 3.931815e+01, 1.519800e+02
3.269908e+00, -3.649198e-01, -4.592323e-01, -3.847356e+01, -1.348464e+02, 3.810864e+01, 1.343871e+02
3.248215e+00, -3.666434e-01, 4.305808e-01, -3.741864e+01, 1.227305e+02, 3.705199e+01, -1.223000e+02
3.226667e+00, -4.267877e-01, -4.822733e-01, -3.576389e+01, -1.688201e+02, 3.533711e+01, 1.683378e+02
3.205262e+00, -3.962039e-01, -1.265565e-01, -3.857789e+01, -1.630565e+02, 3.818169e+01, 1.629300e+02
3.183999e+00, -4.827433e-01, -2.650312e-01, -3.280008e+01, -1.683753e+02, 3.231734e+01, 1.681103e+02
3.162877e+00, -4.140732e-01, -1.023228e+00, -3.315004e+01, -1.331668e+02, 3.273597e+01, 1.321436e+02
3.141894e+00, -4.372308e-01, -2.623588e-01, -3.453420e+01, -1.632700e+02, 3.409697e+01, 1.630077e+02
3.121052e+00, -2.832731e-01, -4.722324e-01, -4.293170e+01, -7.308470e+01, 4.264842e+01, 7.261246e+01
3.100347e+00, -2.790047e-01, -3.838193e-01, -4.493700e+01, -6.771601e+01, 4.465799e+01, 6.733219e+01
3.079780e+00, -4.688479e-01, -1.779820e-01, -3.454618e+01, -1.734709e+02, 3.407733e+01, 1.732929e+02
3.059349e+00, -3.628302e-01, -8.219588e-01, -3.567347e+01, -1.142478e+02, 3.531064e+01, 1.134258e+02
3.039054e+00, -4.759981e-01, -2.809018e-01, -3.428441e+01, -1.663447e+02, 3.380841e+01, 1.660638e+02
3.018893e+00, -4.515028e-01, -2.878731e-01, -3.580622e+01, -1.752769e+02, 3.535472e+01, 1.749890e+02
2.998866e+00, -4.295109e-01, 1.110161e+00, -3.258551e+01, 1.174829e+02, 3.215600e+01, -1.163728e+02
2.978972e+00, -3.838675e-01, -5.810251e-01, -3.781907e+01, -1.464781e+02, 3.743521e+01, 1.458971e+02
2.959210e+00, -3.927214e-01, -8.972687e-02, -3.954591e+01, 1.755692e+02, 3.915319e+01, -1.756589e+02
2.939579e+00, -4.484290e-01, -1.008890e+00, -3.195723e+01, -1.374610e+02, 3.150880e+01, 1.364521e+02
2.920078e+00, -3.826053e-01, -7.849070e-01, -3.558066e+01, -1.266033e+02, 3.519805e+01, 1.258184e+02
2.900707e+00, -4.181850e-01, 1.208219e-01, -3.777825e+01, 1.588632e+02, 3.736006e+01, -1.587424e+02
2.881464e+00, -3.930522e-01, 6.805224e-02, -4.061721e+01, -1.738566e+02, 4.022416e+01, 1.739247e+02
2.862349e+00, -4.365953e-01, -6.867968e-01, -3.353674e+01, -1.423194e+02, 3.310014e+01, 1.416326e+02
2.843360e+00, -3.810619e-01, -7.150845e-02, -4.159487e+01, -1.795609e+02, 4.121381e+01, 1.794894e+02
2.824498e+00, -3.655544e-01, -6.014027e-01, -3.893217e+01, -1.278603e+02, 3.856662e+01, 1.272589e+02
2.805760e+00, -3.714266e-01, 2.165814e-02, -4.268542e+01, 1.751523e+02, 4.231399e+01, -1.751307e+02
2.787147e+00, -4.142394e-01, -5.109372e-03, -3.860921e+01, 1.776486e+02, 3.819497e+01, -1.776537e+02
2.768658e+00, -3.886140e-01, -5.337186e-01, -3.761210e+01, -1.421033e+02, 3.722349e+01, 1.415696e+02
2.750291e+00, -3.936839e-01, 4.628038e-02, -3.846010e+01, -1.719023e+02, 3.806641e+01, 1.719486e+02
2.732046e+00, -3.822277e-01, 1.233189e-01, -3.879797e+01, 1.708976e+02, 3.841574e+01, -1.707743e+02
2.713922e+00, -4.028847e-01, -8.692302e-01, -3.476752e+01, -1.298056e+02, 3.436463e+01, 1.289363e+02
2.695918e+00, -3.914505e-01, -9.250249e-01, -3.355403e+01, -1.251850e+02, 3.316258e+01, 1.242600e+02
2.678034e+00, -3.728469e-01, -5.404932e-01, -3.811317e+01, -1.408851e+02, 3.774033e+01, 1.403446e+02
2.660268e+00, -4.089022e-01, -6.786342e-01, -3.441005e+01, -1.365681e+02, 3.400115e+01, 1.358895e+02
2.642620e+00, -4.049784e-01, -2.099036e+00, -2.850176e+01, -1.125474e+02, 2.809679e+01, 1.104484e+02
2.625089e+00, -4.327889e-01, 8.280110e-01, -3.336521e+01, 1.321094e+02, 3.293242e+01, -1.312814e+02
2.607675e+00, -3.585602e-01, -6.705605e-01, -3.749138e+01, -1.249534e+02, 3.713282e+01, 1.242828e+02
2.590376e+00, -3.508438e-01, -7.637178e-01, -3.688932e+01, -1.148646e+02, 3.653847e+01, 1.141009e+02
2.573192e+00, -3.936678e-01, -5.692741e-02, -4.091010e+01, -1.640349e+02, 4.051643e+01, 1.639780e+02
2.556122e+00, -4.219820e-01, -5.746786e-03, -3.771303e+01, 1.661251e+02, 3.729105e+01, -1.661309e+02
2.539165e+00, -4.425328e-01, 3.589668e-01, -3.601543e+01, 1.544456e+02, 3.557290e+01, -1.540867e+02
2.522320e+00, -3.602708e-01, -4.788012e-01, -3.953147e+01, -1.369850e+02, 3.917120e+01, 1.365062e+02
2.505587e+00, -3.551234e-01, -1.733917e-01, -4.094600e+01, -1.476601e+02, 4.059088e+01, 1.474867e+02
2.488966e+00, -3.907612e-01, 1.156107e-01, -4.159923e+01, 1.599292e+02, 4.120847e+01, -1.598136e+02
2.472454e+00, -3.094017e-01, 5.274228e-01, -4.187606e+01, 9.758644e+01, 4.156666e+01, -9.705902e+01
2.456052e+00, -2.684960e-01, -1.544736e+00, -3.253842e+01, -8.617951e+01, 3.226993e+01, 8.463477e+01
2.439759e+00, -3.857243e-01, 5.487139e-01, -3.810204e+01, 1.428338e+02, 3.771632e+01, -1.422851e+02
2.423574e+00, -3.502819e-01, 5.755136e-02, -4.270569e+01, 1.564790e+02, 4.235541e+01, -1.564215e+02
2.407497e+00, -3.974174e-01, -3.793530e-01, -3.766685e+01, -1.595660e+02, 3.726943e+01, 1.591866e+02
2.391526e+00, -4.150112e-01, 9.885803e-02, -3.958430e+01, 1.609140e+02, 3.916929e+01, -1.608151e+02
2.375660e+00, -3.939823e-01, -1.185101e-01, -3.921790e+01, -1.745643e+02, 3.882392e+01, 1.744458e+02
2.359901e+00, -3.989163e-01, -1.200437e+00, -3.313097e+01, -1.208463e+02, 3.273206e+01, 1.196459e+02
2.344245e+00, -4.101934e-01, 1.252016e-01, -3.823545e+01, 1.661566e+02, 3.782526e+01, -1.660314e+02
2.328694e+00, -3.970524e-01, -4.735293e-01, -3.679284e+01, -1.453085e+02, 3.639579e+01, 1.448350e+02
2.313246e+00, -3.166050e-01, -2.306067e-01, -4.767405e+01, -1.323255e+02, 4.735745e+01, 1.320949e+02
2.297900e+00, -3.337879e-01, -4.919722e-01, -3.962724e+01, -1.189571e+02, 3.929345e+01, 1.184651e+02
2.282656e+00, -3.834262e-01, 3.768665e-01, -3.868507e+01, 1.481815e+02, 3.830165e+01, -1.478046e+02
2.267513e+00, -4.208206e-01, -3.532562e-04, -3.633452e+01, 1.725139e+02, 3.591370e+01, -1.725143e+02
2.252471e+00, -3.832888e-01, -6.635830e-01, -3.567979e+01, -1.374532e+02, 3.529650e+01, 1.367896e+02
2.237528e+00, -3.708728e-01, -1.235842e-01, -4.053221e+01, 1.779200e+02, 4.016134e+01, -1.780436e+02
2.222685e+00, -4.176926e-01, -5.570390e-01, -3.559125e+01, -1.471587e+02, 3.517356e+01, 1.466016e+02
2.207940e+00, -3.136370e-01, 3.708852e-01, -4.360306e+01, 1.159207e+02, 4.328942e+01, -1.155499e+02
2.193293e+00, -3.755045e-01, -4.785863e-01, -3.841936e+01, -1.361668e+02, 3.804386e+01, 1.356882e+02
2.178743e+00, -3.588550e-01, -1.941258e-02, -4.083883e+01, -1.590064e+02, 4.047998e+01, 1.589870e+02
2.164289e+00, -3.921450e-01, -5.868263e-01, -3.758817e+01, -1.334856e+02, 3.719603e+01, 1.328987e+02
2.149932e+00, -3.855944e-01, -3.326618e-01, -3.858578e+01, -1.397194e+02, 3.820018e+01, 1.393868e+02
2.135669e+00, -3.317815e-01, 4.898386e-02, -4.582170e+01, 1.535241e+02, 4.548992e+01, -1.534751e+02
2.121502e+00, -3.359756e-01, 6.639220e-01, -3.835658e+01, 1.209147e+02, 3.802060e+01, -1.202508e+02
2.107428e+00, -4.366568e-01, -2.886684e-01, -3.536027e+01, -1.560793e+02, 3.492361e+01, 1.557907e+02
2.093447e+00, -3.760514e-01, 1.511084e-02, -4.093871e+01, -1.684645e+02, 4.056266e+01, 1.684796e+02
2.079560e+00, -3.611559e-01, 1.601544e-01, -4.287596e+01, 1.566583e+02, 4.251481e+01, -1.564981e+02
2.065764e+00, -4.117443e-01, -4.029830e-01, -3.671593e+01, -1.376065e+02, 3.630419e+01, 1.372035e+02
2.052060e+00, -3.630925e-01, -1.213298e+00, -3.295662e+01, -1.068721e+02, 3.259353e+01, 1.056588e+02
2.038447e+00, -4.071037e-01, -2.367622e-01, -3.759252e+01, -1.599548e+02, 3.718541e+01, 1.597180e+02
2.024924e+00, -3.851091e-01, 2.096657e-01, -3.898414e+01, 1.709897e+02, 3.859903e+01, -1.707801e+02
2.011491e+00, -3.718464e-01, -1.001517e+00, -3.421816e+01, -1.150763e+02, 3.384631e+01, 1.140747e+02
1.998147e+00, -4.135087e-01, -9.265021e-01, -3.422678e+01, -1.372080e+02, 3.381328e+01, 1.362815e+02
1.984892e+00, -4.507778e-01, -2.397412e-02, -3.509856e+01, 1.765452e+02, 3.464778e+01, -1.765692e+02
1.971725e+00, -3.457971e-01, 7.331177e-01, -3.839429e+01, 1.112544e+02, 3.804849e+01, -1.105213e+02
1.958644e+00, -3.628737e-01, 5.974061e-01, -3.784635e+01, 1.326160e+02, 3.748348e+01, -1.320186e+02
1.945651e+00, -4.232279e-01, -1.436974e-01, -3.736620e+01, -1.609557e+02, 3.694297e+01, 1.608120e+02
1.932744e+00, -4.073069e-01, -8.200412e-01, -3.455076e+01, -1.291820e+02, 3.414345e+01, 1.283619e+02
1.919922e+00, -3.629720e-01, 6.948126e-01, -3.666149e+01, 1.169701e+02, 3.629852e+01, -1.162752e+02
1.907186e+00, -4.022652e-01, -3.473391e-01, -3.800905e+01, -1.539212e+02, 3.760678e+01, 1.535738e+02
1.894534e+00, -3.938828e-01, -1.299990e+00, -3.180712e+01, -1.164172e+02, 3.141324e+01, 1.151172e+02
1.881966e+00, -3.850632e-01, -1.795200e-01, -4.054378e+01, -1.581713e+02, 4.015871e+01, 1.579917e+02
1.869481e+00, -3.567472e-01, -7.444138e-01, -3.726900e+01, -1.224652e+02, 3.691225e+01, 1.217208e+02
1.857079e+00, -5.627373e-01, -2.552273e+00, -2.538611e+01, -1.227045e+02, 2.482337e+01, 1.201522e+02
1.844759e+00, -4.752560e-01, -4.998353e-01, -3.357601e+01, -1.580718e+02, 3.310075e+01, 1.575719e+02
1.832522e+00, -3.189540e-01, 4.070618e-01, -4.010672e+01, 1.089243e+02, 3.978776e+01, -1.085172e+02
1.820365e+00, -3.680704e-01, -1.364938e-02, -4.485513e+01, -1.796095e+02, 4.448706e+01, 1.795958e+02
1.808289e+00, -3.833555e-01, -6.086458e-01, -3.650239e+01, -1.340900e+02, 3.611903e+01, 1.334813e+02
1.796293e+00, -3.458415e-01, -5.971806e-01, -3.708346e+01, -1.114914e+02, 3.673762e+01, 1.108942e+02
1.784377e+00, -3.684949e-01, 1.818919e-01, -4.116487e+01, 1.507977e+02, 4.079638e+01, -1.506159e+02
1.772539e+00, -3.790084e-01, 7.270738e-01, -3.696873e+01, 1.261966e+02, 3.658973e+01, -1.254695e+02
1.760780e+00, -3.820313e-01, -5.543373e-01, -3.551788e+01, -1.325167e+02, 3.513585e+01, 1.319623e+02
1.749100e+00, -3.879343e-01, -3.860604e-01, -3.846844e+01, -1.439313e+02, 3.808050e+01, 1.435452e+02
1.737496e+00, -3.577095e-01, 1.193267e+00, -3.379281e+01, 1.017861e+02, 3.343510e+01, -1.005928e+02
1.725970e+00, -2.969885e-01, 8.018014e-03, -5.925477e+01, -1.713423e+02, 5.895778e+01, 1.713504e+02
1.714520e+00, -5.609211e-01, -2.053860e+00, -2.652703e+01, -1.302629e+02, 2.596610e+01, 1.282091e+02
1.703146e+00, -4.007664e-01, 1.064198e-03, -3.781634e+01, 1.638093e+02, 3.741557e+01, -1.638082e+02
1.691848e+00, -5.278958e-01, -2.765021e+00, -2.546916e+01, -1.203279e+02, 2.494126e+01, 1.175628e+02
1.680624e+00, -4.695333e-01, -1.577960e+00, -2.879404e+01, -1.256499e+02, 2.832450e+01, 1.240720e+02
1.669475e+00, -2.641010e-01, 1.636422e+00, -3.099035e+01, 8.451217e+01, 3.072625e+01, -8.287575e+01
1.658400e+00, -4.827391e-01, -1.984836e+00, -2.816735e+01, -1.255778e+02, 2.768461e+01, 1.235929e+02
1.647399e+00, -3.675800e-01, 3.193446e+00, -2.475298e+01, 9.696003e+01, 2.438540e+01, -9.376658e+01
1.636470e+00, -3.768806e-01, -5.995342e-01, -3.700871e+01, -1.331292e+02, 3.663183e+01, 1.325297e+02
1.625614e+00, -3.163822e-01, 1.281500e+00, -3.456594e+01, 1.017350e+02, 3.424956e+01, -1.004535e+02
1.614830e+00, -4.937477e-01, -6.129258e-01, -3.144013e+01, -1.563277e+02, 3.094639e+01, 1.557148e+02
1.604117e+00, -3.565928e-01, 7.336946e-01, -3.759670e+01, 1.223679e+02, 3.724011e+01, -1.216342e+02
1.593476e+00, -3.267742e-01, 1.926581e+00, -3.091079e+01, 9.524746e+01, 3.058402e+01, -9.332088e+01
1.582905e+00, -4.258951e-01, -5.711392e-01, -3.445783e+01, -1.488181e+02, 3.403194e+01, 1.482469e+02
1.572404e+00, -3.183795e-01, -9.344644e-01, -3.411688e+01, -1.062773e+02, 3.379851e+01, 1.053429e+02
1.561973e+00, -3.328461e-01, 8.548990e-03, -4.331154e+01, 1.639638e+02, 4.297869e+01, -1.639552e+02
1.551611e+00, -2.919595e-01, 1.435823e-01, -5.076083e+01, 7.873654e+01, 5.046887e+01, -7.859295e+01
1.541318e+00, -3.244763e-01, 4.913677e-02, -4.433343e+01, 1.684802e+02, 4.400895e+01, -1.684310e+02
1.531093e+00, -3.859949e-01, 1.357022e-02, -4.063634e+01, 1.639526e+02, 4.025034e+01, -1.639390e+02
1.520936e+00, -3.686661e-01, -8.335473e-02, -4.161856e+01, -1.740389e+02, 4.124989e+01, 1.739555e+02
1.510846e+00, -4.024434e-01, 2.694728e-01, -3.906575e+01, 1.513036e+02, 3.866331e+01, -1.510341e+02
1.500824e+00, -4.161023e-01, -1.531715e-01, -3.742402e+01, 1.765340e+02, 3.700792e+01, -1.766872e+02
1.490867e+00, -2.987095e-01, -3.999221e+00, -2.321647e+01, -9.267594e+01, 2.291776e+01, 8.867672e+01
1.480977e+00, -3.435455e-01, -9.224790e-02, -4.479017e+01, -1.665356e+02, 4.444662e+01, 1.664433e+02
1.471153e+00, -3.353375e-01, 1.148730e-01, -4.335421e+01, -1.669886e+02, 4.301887e+01, 1.671034e+02
1.461393e+00, -4.307659e-01, -6.336017e-01, -3.568829e+01, -1.452485e+02, 3.525752e+01, 1.446149e+02
1.451699e+00, -4.834392e-01, -2.506852e-02, -3.292258e+01, -1.667168e+02, 3.243914e+01, 1.666917e+02
1.442068e+00, -4.153405e-01, -1.114698e-01, -3.844136e+01, -1.765633e+02, 3.802602e+01, 1.764519e+02
1.432502e+00, -3.905600e-01, -4.977770e-01, -3.733950e+01, -1.356656e+02, 3.694894e+01, 1.351678e+02
1.422999e+00, -3.559046e-01, -1.407619e-01, -4.421278e+01, -1.686922e+02, 4.385687e+01, 1.685514e+02
1.413559e+00, -3.224142e-01, 4.143822e-01, -4.112754e+01, 1.097208e+02, 4.080513e+01, -1.093064e+02
1.404181e+00, -4.426705e-01, -8.221251e-01, -3.346554e+01, -1.430573e+02, 3.302287e+01, 1.422352e+02
1.394866e+00, -3.487292e-01, -5.207241e-01, -4.057679e+01, -1.278832e+02, 4.022806e+01, 1.273625e+02
1.385613e+00, -3.638449e-01, 2.279716e-01, -4.136723e+01, 1.581470e+02, 4.100339e+01, -1.579190e+02
1.376421e+00, -3.689274e-01, 9.652499e-01, -3.400758e+01, 1.178708e+02, 3.363865e+01, -1.169055e+02
1.367290e+00, -3.025433e-01, -2.886980e-01, -5.033159e+01, -1.253890e+02, 5.002904e+01, 1.251003e+02
1.358219e+00, -3.158483e-01, 8.129111e-01, -3.763832e+01, 1.042789e+02, 3.732247e+01, -1.034659e+02
1.349209e+00, -3.969562e-01, -3.350579e-01, -3.690021e+01, -1.621889e+02, 3.650325e+01, 1.618538e+02
1.340259e+00, -3.623479e-01, 7.613239e-01, -3.585639e+01, 1.185506e+02, 3.549404e+01, -1.177893e+02
1.331368e+00, -3.368988e-01, 1.696881e-01, -4.317895e+01, 1.417270e+02, 4.284205e+01, -1.415573e+02
1.322536e+00, -3.814108e-01, -7.337067e-01, -3.527477e+01, -1.294189e+02, 3.489336e+01, 1.286852e+02
1.313762e+00, -3.609363e-01, -1.911540e+00, -2.926791e+01, -1.013877e+02, 2.890698e+01, 9.947618e+01
1.305047e+00, -3.318257e-01, 3.988765e-01, -4.337213e+01, 1.254599e+02, 4.304030e+01, -1.250610e+02
1.296389e+00, -3.662133e-01, 1.015185e-01, -3.939259e+01, 1.790158e+02, 3.902638e+01, -1.789143e+02
1.287789e+00, -3.439537e-01, 3.753786e-01, -4.088463e+01, 1.391280e+02, 4.054068e+01, -1.387526e+02
1.279246e+00, -4.079953e-01, -3.838305e-01, -3.701729e+01, -1.580638e+02, 3.660929e+01, 1.576800e+02
1.270760e+00, -3.981257e-01, 1.599352e-01, -3.730730e+01, 1.672833e+02, 3.690918e+01, -1.671234e+02
1.262330e+00, -3.891729e-01, -5.103633e-01, -3.604575e+01, -1.357192e+02, 3.565658e+01, 1.352088e+02
1.253956e+00, -3.692650e-01, 8.893625e-02, -4.110788e+01, 1.763993e+02, 4.073862e+01, -1.763104e+02
1.245637e+00, -3.941307e-01, -2.826359e-02, -3.851840e+01, -1.726596e+02, 3.812427e+01, 1.726313e+02
1.237374e+00, -3.460208e-01, -3.066717e-01, -4.193536e+01, -1.512400e+02, 4.158934e+01, 1.509333e+02
1.229165e+00, -3.981364e-01, -1.425844e-01, -3.909735e+01, -1.675625e+02, 3.869921e+01, 1.674199e+02
1.221011e+00, -4.434176e-01, -4.157336e-01, -3.618382e+01, -1.524078e+02, 3.574040e+01, 1.519921e+02
1.212911e+00, -3.914803e-01, 5.627002e-01, -3.684065e+01, 1.527471e+02, 3.644917e+01, -1.521844e+02
1.204865e+00, -3.010915e-01, 1.057357e+00, -3.453418e+01, 8.605988e+01, 3.423309e+01, -8.500252e+01
1.196872e+00, -3.571563e-01, -3.197620e-01, -4.056683e+01, -1.359969e+02, 4.020967e+01, 1.356772e+02
1.188932e+00, -3.906540e-01, -3.108820e-01, -4.014209e+01, -1.538961e+02, 3.975144e+01, 1.535853e+02
1.181045e+00, -3.332041e-01, 6.554163e-01, -3.838841e+01, 1.283676e+02, 3.805521e+01, -1.277121e+02
1.173210e+00, -2.796136e-01, 2.146732e-01, -4.990236e+01, 5.390391e+01, 4.962275e+01, -5.368924e+01
1.165427e+00, -4.072628e-01, -7.932556e-01, -3.648842e+01, -1.347895e+02, 3.608115e+01, 1.339962e+02
1.157696e+00, -3.362410e-01, 7.357070e-01, -3.617561e+01, 1.170654e+02, 3.583937e+01, -1.163297e+02
1.150016e+00, -3.740749e-01, 7.500805e-02, -3.907962e+01, 1.557022e+02, 3.870555e+01, -1.556272e+02
1.142387e+00, -2.807009e-01, 7.071131e-01, -3.756430e+01, 8.362482e+01, 3.728360e+01, -8.291771e+01
1.134808e+00, -3.715919e-01, -9.810088e-01, -3.472079e+01, -1.225971e+02, 3.434919e+01, 1.216161e+02
1.127280e+00, -3.015865e-01, 2.459643e-01, -4.784200e+01, 1.212422e+02, 4.754041e+01, -1.209962e+02
1.119802e+00, -3.621139e-01, 1.752766e-01, -4.007569e+01, 1.608117e+02, 3.971358e+01, -1.606365e+02
1.112373e+00, -3.170164e-01, 4.847020e-01, -4.074123e+01, 1.052541e+02, 4.042421e+01, -1.047694e+02
1.104994e+00, -3.102933e-01, -1.172158e+00, -3.407605e+01, -1.022847e+02, 3.376576e+01, 1.011126e+02
1.097663e+00, -3.346160e-01, -6.674184e-01, -3.726346e+01, -1.157462e+02, 3.692884e+01, 1.150788e+02
1.090382e+00, -3.862077e-01, -7.421397e-01, -3.534132e+01, -1.357143e+02, 3.495512e+01, 1.349722e+02
1.083148e+00, -3.219069e-01, 6.320651e-01, -3.822582e+01, 1.151917e+02, 3.790392e+01, -1.145597e+02
1.075963e+00, -3.225176e-01, -1.251512e+00, -3.473792e+01, -1.040299e+02, 3.441540e+01, 1.027784e+02
1.068825e+00, -2.968152e-01, 9.111613e-01, -3.691705e+01, 9.296050e+01, 3.662023e+01, -9.204934e+01
1.061735e+00, -4.678502e-01, -1.204004e+00, -3.134296e+01, -1.372621e+02, 3.087511e+01, 1.360581e+02
1.054691e+00, -3.981212e-01, -4.944587e-01, -3.738610e+01, -1.431408e+02, 3.698798e+01, 1.426463e+02
1.047695e+00, -4.068505e-01, 2.245448e-01, -3.765720e+01, 1.591262e+02, 3.725035e+01, -1.589017e+02
1.040744e+00, -3.741034e-01, 2.368568e-01, -4.080137e+01, 1.610553e+02, 4.042727e+01, -1.608184e+02
1.033840e+00, -4.648512e-01, 3.231761e-01, -3.333104e+01, 1.616455e+02, 3.286619e+01, -1.613223e+02
1.026982e+00, -2.948319e-01, -9.642400e-02, -4.958574e+01, -9.801406e+01, 4.929091e+01, 9.791764e+01
1.020169e+00, -3.501336e-01, 6.220431e-01, -3.886811e+01, 1.283169e+02, 3.851798e+01, -1.276949e+02
1.013401e+00, -3.853532e-01, -9.713173e-01, -3.301345e+01, -1.207173e+02, 3.262809e+01, 1.197460e+02
1.006678e+00, -3.930254e-01, -4.573999e-02, -3.768537e+01, -1.765635e+02, 3.729235e+01, 1.765178e+02
1.000000e+00, -2.985271e-01, 1.592987e+00, -3.194085e+01, 9.413045e+01, 3.164232e+01, -9.253746e+01
